time_s,latitude_deg,longitude_deg
0,35.90608,-79.0945
8,35.90479,-79.09643
10,35.90448,-79.09724
12,35.90418,-79.09787
14,35.90415,-79.09838
17,35.9041,-79.09905
34,35.90528,-79.10418
42,35.90654,-79.10591
45,35.90737,-79.1067
50,35.90869,-79.10775
53,35.90941,-79.10812
55,35.90992,-79.10845
58,35.91087,-79.10873
60,35.91155,-79.10892
62,35.91226,-79.10902
65,35.91292,-79.10908
67,35.91385,-79.10902
69,35.91453,-79.10893
72,35.91567,-79.10867
74,35.91631,-79.1085
76,35.91695,-79.10824
78,35.91755,-79.10795
80,35.91809,-79.1076
82,35.91891,-79.10702
85,35.9197,-79.1064
87,35.92027,-79.10573
90,35.92069,-79.10506
92,35.92093,-79.10464
94,35.92153,-79.10365
97,35.92199,-79.10256
99,35.92223,-79.10175
102,35.92236,-79.10107
104,35.92262,-79.09988
107,35.92261,-79.09878
109,35.92246,-79.09809
111,35.9221,-79.09744
113,35.92175,-79.09682
115,35.92138,-79.09597
118,35.9211,-79.09524
120,35.92078,-79.09463
122,35.9201,-79.09393
124,35.91956,-79.09341
127,35.91899,-79.09293
129,35.91812,-79.09232
132,35.91739,-79.09196
134,35.91684,-79.09164
137,35.91596,-79.09112
140,35.91544,-79.09088
148,35.91249,-79.09111
151,35.91113,-79.09131
153,35.91024,-79.09157
156,35.90983,-79.09158
158,35.9093,-79.09183
162,35.90834,-79.09247
164,35.90761,-79.09297
166,35.90699,-79.09341
169,35.90646,-79.09389
171,35.90612,-79.09437
173,35.90577,-79.09486
175,35.90533,-79.09547
178,35.90496,-79.09614
181,35.90467,-79.09687
186,35.9043,-79.09827
190,35.90403,-79.09911
195,35.90428,-79.10078
197,35.90442,-79.10165
203,35.90477,-79.10344
206,35.90509,-79.10418
213,35.90645,-79.10602
215,35.90703,-79.10638
218,35.90768,-79.10688
223,35.90853,-79.10771
225,35.90936,-79.10825
228,35.91021,-79.10868
230,35.9109,-79.10876
232,35.91153,-79.10895
235,35.91204,-79.10914
237,35.91298,-79.10916
239,35.9138,-79.10908
242,35.91487,-79.1089
244,35.91577,-79.10872
247,35.91661,-79.10844
249,35.9172,-79.10813
251,35.91785,-79.10778
254,35.91882,-79.10715
257,35.91953,-79.10649
260,35.92031,-79.10575
262,35.92083,-79.10496
265,35.92118,-79.10434
268,35.9217,-79.10328
270,35.9219,-79.10253
272,35.92209,-79.10167
275,35.92226,-79.1007
277,35.92232,-79.0999
279,35.9224,-79.09897
281,35.9223,-79.0982
284,35.92212,-79.09727
286,35.92182,-79.09647
289,35.92134,-79.09563
291,35.92101,-79.09495
294,35.92017,-79.09434
296,35.91984,-79.09376
298,35.91946,-79.09313
300,35.91881,-79.0926
303,35.91792,-79.09199
306,35.91724,-79.0917
308,35.91649,-79.09143
310,35.91566,-79.09121
313,35.91478,-79.09103
315,35.91397,-79.09092
318,35.91323,-79.09092
320,35.91254,-79.09105
322,35.91179,-79.09125
324,35.91115,-79.09157
327,35.91047,-79.092
329,35.90966,-79.09241
331,35.90902,-79.09269
334,35.90816,-79.09307
336,35.90763,-79.09324
339,35.90674,-79.09354
341,35.90599,-79.0938
344,35.90526,-79.09405
346,35.90453,-79.09427
348,35.90391,-79.09444
351,35.90337,-79.09465
353,35.9028,-79.09482
355,35.90212,-79.09508
357,35.90123,-79.09537
360,35.90049,-79.09561
362,35.89974,-79.09589
365,35.8991,-79.09609
367,35.8985,-79.09628
369,35.89805,-79.09641
371,35.89719,-79.09669
374,35.89642,-79.09698
376,35.89597,-79.09713
380,35.89499,-79.09742
384,35.89384,-79.09775
387,35.89316,-79.09796
389,35.89243,-79.09823
395,35.89073,-79.09878
398,35.88966,-79.09914
427,35.88123,-79.10198
440,35.8776,-79.10314
513,35.88028,-79.11241
521,35.88287,-79.11053
573,35.89779,-79.10017
586,35.90212,-79.09811
589,35.90314,-79.09787
591,35.9039,-79.09766
593,35.90458,-79.0974
596,35.90543,-79.09711
598,35.90628,-79.09672
600,35.90704,-79.09641
603,35.90802,-79.09602
605,35.90894,-79.09568
608,35.90971,-79.09543
611,35.9106,-79.09518
613,35.91131,-79.0951
615,35.91204,-79.09505
617,35.91285,-79.09521
620,35.91365,-79.09547
623,35.91411,-79.09676
626,35.91432,-79.09756
629,35.91432,-79.09823
631,35.91388,-79.09879
633,35.91299,-79.0993
636,35.91204,-79.09966
639,35.9111,-79.09961
641,35.9105,-79.09955
661,35.90481,-79.10083
664,35.90387,-79.1012
666,35.90319,-79.10135
668,35.90262,-79.10149
671,35.90198,-79.10171
685,35.89783,-79.10302
687,35.8972,-79.10322
689,35.89638,-79.10354
692,35.89569,-79.10377
696,35.89439,-79.10419
699,35.89386,-79.10429
743,35.88099,-79.10827
798,35.8655,-79.11577
925,35.86789,-79.10358
945,35.86596,-79.10912
950,35.86556,-79.1104
952,35.86499,-79.11129
955,35.86452,-79.11143
958,35.86424,-79.11267
961,35.86435,-79.11372
963,35.86481,-79.11413
966,35.86548,-79.11478
974,35.86675,-79.11712
977,35.86733,-79.11791
1010,35.87825,-79.11825
1051,35.88029,-79.10531
1061,35.87758,-79.10301
1064,35.87709,-79.10277
1066,35.87644,-79.10244
1068,35.87584,-79.10229
1071,35.87498,-79.1021
1073,35.87432,-79.10197
1075,35.87373,-79.10191
1077,35.87289,-79.10184
1079,35.87236,-79.10187
1081,35.87162,-79.102
1084,35.87091,-79.1021
1086,35.87011,-79.10235
1088,35.86949,-79.10261
1091,35.86871,-79.103
1094,35.86823,-79.10332
1096,35.86767,-79.10368
1098,35.86723,-79.10412
1101,35.86643,-79.1048
1103,35.86586,-79.10551
1105,35.86544,-79.10605
1108,35.86505,-79.10677
1110,35.86489,-79.10737
1112,35.86467,-79.10802
1114,35.86461,-79.1088
1117,35.86426,-79.10972
1119,35.8642,-79.11006
1122,35.86431,-79.1115
1125,35.86442,-79.11215
1127,35.86442,-79.11317
1130,35.86459,-79.11418
1132,35.86486,-79.11499
1134,35.86542,-79.11571
1137,35.86606,-79.11655
1140,35.8667,-79.11728
1142,35.86733,-79.11775
1144,35.86802,-79.11816
1147,35.86897,-79.11881
1149,35.86975,-79.11919
1151,35.87038,-79.11948
1154,35.87143,-79.11986
1156,35.87224,-79.1199
1159,35.87303,-79.11996
1161,35.87398,-79.11999
1163,35.87497,-79.1198
1166,35.87593,-79.11951
1168,35.87659,-79.11925
1171,35.87793,-79.11858
1174,35.87879,-79.1181
1176,35.87925,-79.11745
1179,35.88033,-79.11646
1182,35.88079,-79.11587
1187,35.88159,-79.11432
1189,35.88186,-79.1136
1191,35.88192,-79.11294
1194,35.88211,-79.11202
1196,35.88211,-79.11132
1199,35.88214,-79.11057
1201,35.88227,-79.10977
1203,35.88231,-79.10889
1205,35.88217,-79.1083
1208,35.88209,-79.10766
1210,35.8817,-79.10678
1212,35.88124,-79.10628
1214,35.88073,-79.10581
1217,35.88029,-79.10528
1219,35.87983,-79.10468
1222,35.87923,-79.10411
1224,35.87877,-79.1037
1227,35.87834,-79.10326
1229,35.87799,-79.10305
1231,35.87701,-79.10261
1234,35.87629,-79.10222
1236,35.87572,-79.10203
1239,35.87501,-79.10187
1241,35.87421,-79.10187
1244,35.87318,-79.10187
1246,35.87247,-79.10191
1249,35.87162,-79.10194
1251,35.87116,-79.10203
1254,35.87041,-79.1022
1256,35.86979,-79.10249
1258,35.86912,-79.10274
1260,35.86845,-79.10311
1263,35.86785,-79.10353
1265,35.86708,-79.10411
1268,35.86647,-79.10467
1270,35.86587,-79.10531
1273,35.86546,-79.10596
1275,35.86503,-79.10678
1277,35.8647,-79.10749
1280,35.86434,-79.10836
1282,35.86411,-79.10925
1284,35.86404,-79.11008
1287,35.86401,-79.11111
1289,35.86423,-79.1121
1292,35.86419,-79.11295
1294,35.86424,-79.11355
1297,35.86465,-79.11505
1300,35.86537,-79.11594
1302,35.86603,-79.11665
1306,35.8671,-79.1178
1309,35.86817,-79.1187
1311,35.86902,-79.11909
1313,35.86975,-79.11948
1315,35.87067,-79.11969
1318,35.87159,-79.11991
1321,35.87268,-79.12002
1323,35.87335,-79.11999
1325,35.8745,-79.11987
1327,35.87524,-79.11972
1330,35.87602,-79.11948
1332,35.87694,-79.11911
1334,35.87768,-79.11866
1336,35.87841,-79.11822
1339,35.87925,-79.11753
1342,35.87999,-79.1169
1344,35.88042,-79.11638
1346,35.88068,-79.11586
1348,35.881,-79.11525
1351,35.88141,-79.1144
1353,35.88174,-79.11367
1356,35.88199,-79.11292
1358,35.88211,-79.11219
1360,35.88228,-79.11137
1363,35.88223,-79.11061
1365,35.88226,-79.10976
1368,35.88214,-79.10905
1370,35.88179,-79.10824
1372,35.88166,-79.10757
1375,35.88139,-79.10692
1377,35.88114,-79.10616
1380,35.88058,-79.1056
1382,35.8802,-79.10508
1384,35.87951,-79.10452
1386,35.87888,-79.10412
1389,35.87838,-79.10373
1391,35.87765,-79.10317
1393,35.8771,-79.10276
1396,35.87645,-79.1025
1398,35.8757,-79.10218
1400,35.87517,-79.10194
1403,35.87417,-79.10177
1406,35.87333,-79.10172
1408,35.87272,-79.10171
1410,35.87245,-79.10182
1413,35.87124,-79.10194
1415,35.87035,-79.10224
1418,35.8695,-79.10257
1420,35.86868,-79.10294
1422,35.8682,-79.10327
1424,35.86769,-79.10368
1427,35.867,-79.10432
1430,35.86631,-79.10505
1432,35.86586,-79.10562
1434,35.86546,-79.10635
1437,35.86503,-79.10716
1439,35.86472,-79.10772
1442,35.86433,-79.10899
1445,35.86439,-79.10989
1447,35.86511,-79.11072
1450,35.86602,-79.11185
1453,35.86512,-79.11252
1455,35.86493,-79.11343
1458,35.86502,-79.11468
1460,35.86529,-79.11549
1464,35.86607,-79.11677
1466,35.86666,-79.11738
1469,35.86731,-79.11802
1472,35.86818,-79.11866
1474,35.86908,-79.11919
1477,35.87006,-79.1195
1479,35.87095,-79.1197
1481,35.87174,-79.11985
1484,35.87284,-79.11992
1486,35.87378,-79.11994
1489,35.87481,-79.1198
1491,35.87574,-79.11957
1493,35.87661,-79.11923
1496,35.87755,-79.11882
1498,35.8783,-79.11838
1502,35.87927,-79.1177
1504,35.87993,-79.11706
1507,35.88022,-79.11643
1510,35.88079,-79.11562
1512,35.88126,-79.11481
1515,35.88188,-79.11372
1518,35.88207,-79.11302
1520,35.88232,-79.11195
1524,35.88234,-79.11082
1526,35.88224,-79.10999
1528,35.88222,-79.10923
1530,35.88204,-79.10844
1533,35.88155,-79.10777
1535,35.88127,-79.10713
1537,35.88071,-79.10644
1539,35.88052,-79.1057
1542,35.88013,-79.10483
1545,35.87964,-79.1041
1548,35.87912,-79.10365
1551,35.8783,-79.10284
1553,35.87735,-79.10245
1555,35.87664,-79.10229
1557,35.87597,-79.10201
1560,35.87509,-79.10186
1562,35.87415,-79.1018
1565,35.87338,-79.1018
1567,35.87248,-79.10179
1570,35.87175,-79.10186
1572,35.87105,-79.10203
1574,35.87007,-79.1024
1576,35.86949,-79.10267
1579,35.86854,-79.1031
1581,35.86791,-79.10351
1584,35.8674,-79.10391
1586,35.86663,-79.10457
1588,35.86607,-79.10519
1590,35.86561,-79.10574
1593,35.86527,-79.10643
1595,35.86493,-79.1071
1597,35.86459,-79.10796
1600,35.86427,-79.1089
1603,35.86406,-79.10985
1605,35.86399,-79.11073
1607,35.86398,-79.11159
1610,35.86403,-79.11264
1613,35.86433,-79.1136
1616,35.8648,-79.11462
1618,35.86509,-79.11536
1621,35.86559,-79.11613
1623,35.86609,-79.1168
1625,35.86667,-79.11742
1628,35.86738,-79.11808
1630,35.86808,-79.11856
1632,35.86885,-79.11896
1635,35.86968,-79.11939
1637,35.87069,-79.11961
1640,35.87148,-79.1198
1642,35.87246,-79.11996
1645,35.87346,-79.11999
1647,35.87442,-79.11982
1650,35.87539,-79.11964
1652,35.87628,-79.1194
1654,35.87706,-79.11911
1656,35.87789,-79.11863
1659,35.87862,-79.11816
1661,35.87927,-79.11754
1664,35.87998,-79.11684
1666,35.88058,-79.11611
1669,35.88128,-79.11517
1671,35.88167,-79.11445
1674,35.88206,-79.11346
1677,35.8822,-79.11262
1679,35.8823,-79.11184
1681,35.88232,-79.11086
1684,35.88231,-79.11008
1686,35.88225,-79.10931
1688,35.882,-79.10856
1690,35.88177,-79.10766
1692,35.88142,-79.10706
1695,35.88103,-79.10634
1697,35.88074,-79.10574
1699,35.88022,-79.10505
1701,35.87963,-79.10432
1704,35.87912,-79.10385
1706,35.87861,-79.10338
1708,35.87804,-79.10293
1710,35.87719,-79.10251
1714,35.87607,-79.10219
1716,35.87533,-79.10209
1718,35.87431,-79.1019
1721,35.87351,-79.10191
1723,35.87268,-79.10192
1725,35.87185,-79.10197
1728,35.87119,-79.10209
1730,35.87026,-79.10232
1733,35.86936,-79.10267
1735,35.86871,-79.10301
1738,35.86786,-79.10351
1740,35.86727,-79.10396
1742,35.86672,-79.10445
1745,35.86596,-79.10531
1748,35.86531,-79.10615
1750,35.86497,-79.10686
1753,35.86456,-79.10766
1755,35.86431,-79.10834
1757,35.86406,-79.10926
1760,35.86398,-79.11021
1763,35.86394,-79.11121
1766,35.8641,-79.11229
1768,35.8643,-79.1132
1770,35.86462,-79.11414
1773,35.86493,-79.11505
1776,35.86541,-79.11606
1778,35.8661,-79.11673
1780,35.86658,-79.11727
1783,35.8674,-79.11803
1785,35.8681,-79.11861
1787,35.8689,-79.11902
1789,35.86963,-79.1194
1792,35.87068,-79.11974
1794,35.87164,-79.12006
1797,35.87276,-79.12007
1799,35.87367,-79.12003
1801,35.87458,-79.11992
1804,35.87538,-79.11968
1806,35.87623,-79.11945
1808,35.87728,-79.11901
1811,35.87822,-79.11845
1813,35.87889,-79.1179
1816,35.87962,-79.1172
1818,35.88016,-79.11664
1821,35.8809,-79.11568
1823,35.88141,-79.11491
1826,35.88168,-79.11398
1829,35.88191,-79.11304
1831,35.88193,-79.11227
1834,35.88204,-79.11137
1836,35.88204,-79.11072
1838,35.88212,-79.10966
1840,35.88204,-79.10894
1843,35.88198,-79.10813
1845,35.88178,-79.10754
1847,35.88135,-79.10676
1850,35.88095,-79.10598
1852,35.88053,-79.10548
1855,35.87992,-79.10471
1857,35.87927,-79.10435
1860,35.87866,-79.10386
1862,35.87822,-79.10348
1865,35.87751,-79.10297
1867,35.87658,-79.10273
1870,35.87582,-79.10249
1872,35.87522,-79.10227
1874,35.87464,-79.10202
1877,35.87404,-79.1019
1879,35.87346,-79.10186
1882,35.87264,-79.10184
1885,35.87158,-79.102
1887,35.87071,-79.10223
1890,35.87,-79.10248
1892,35.86927,-79.10277
1895,35.86864,-79.10303
1898,35.86798,-79.10355
1900,35.86737,-79.10397
1903,35.86647,-79.10473
1906,35.86578,-79.10552
1909,35.86535,-79.1063
1911,35.86495,-79.10699
1913,35.86464,-79.10773
1915,35.86426,-79.10859
1918,35.86386,-79.10962
1920,35.86376,-79.11043
1922,35.86393,-79.1112
1924,35.86404,-79.1121
1927,35.86428,-79.11294
1929,35.86448,-79.11392
1931,35.86474,-79.11481
1934,35.86524,-79.116
1936,35.86606,-79.11681
1939,35.86677,-79.11766
1941,35.86751,-79.11831
1944,35.8685,-79.11902
1946,35.86947,-79.11956
1949,35.87051,-79.11981
1951,35.8714,-79.12001
1953,35.87263,-79.12013
1956,35.87352,-79.12005
1958,35.87483,-79.11988
1961,35.8759,-79.11958
1963,35.87702,-79.11913
1966,35.87785,-79.11866
1968,35.87841,-79.11825
1971,35.87942,-79.1174
1973,35.87997,-79.11678
1975,35.88055,-79.11606
1978,35.88096,-79.11532
1980,35.88139,-79.1146
1982,35.88173,-79.11378
1985,35.88179,-79.1131
1987,35.88192,-79.11234
1989,35.88199,-79.11157
1991,35.88213,-79.11078
1994,35.8821,-79.10986
1997,35.88204,-79.10924
1999,35.88187,-79.10827
2001,35.88169,-79.10746
2003,35.88139,-79.10686
2006,35.88108,-79.10624
2008,35.8807,-79.10577
2010,35.88024,-79.10506
2013,35.87961,-79.10466
2015,35.87899,-79.10411
2018,35.87847,-79.10366
2020,35.87798,-79.10325
2023,35.8776,-79.10284
2025,35.87673,-79.10247
2027,35.876,-79.10228
2030,35.87512,-79.10201
2032,35.87463,-79.10194
2035,35.87347,-79.10186
2037,35.87275,-79.10185
2040,35.87201,-79.10199
2042,35.87125,-79.10209
2044,35.87057,-79.10226
2046,35.86973,-79.1025
2049,35.86904,-79.1028
2051,35.86844,-79.10313
2053,35.86776,-79.10358
2055,35.86695,-79.10424
2058,35.86625,-79.10496
2060,35.86566,-79.10567
2062,35.86513,-79.10641
2064,35.8648,-79.1072
2067,35.86449,-79.10797
2069,35.86423,-79.10911
2071,35.8641,-79.11016
2074,35.86399,-79.11133
2076,35.8641,-79.11243
2079,35.86431,-79.11367
2081,35.86459,-79.1148
2084,35.86529,-79.11594
2087,35.86592,-79.11695
2089,35.86663,-79.11774
2091,35.86758,-79.11833
2093,35.8685,-79.11889
2095,35.86944,-79.11927
2098,35.87077,-79.11957
2100,35.87139,-79.1197
2102,35.87259,-79.11993
2105,35.87346,-79.11991
2107,35.87447,-79.11973
2110,35.87575,-79.11949
2112,35.87637,-79.11925
2114,35.87735,-79.1189
2117,35.87805,-79.1185
2119,35.8787,-79.11796
2122,35.87954,-79.11726
2124,35.88012,-79.11665
2127,35.88076,-79.11597
2129,35.88111,-79.11549
2131,35.88121,-79.115
2133,35.88136,-79.11439
2136,35.88158,-79.11381
2138,35.88181,-79.11303
2140,35.88205,-79.11223
2143,35.88224,-79.11147
2145,35.8822,-79.11084
2147,35.88205,-79.11027
2150,35.88197,-79.10942
2152,35.88192,-79.10876
2155,35.88175,-79.10803
2157,35.8815,-79.10757
2160,35.88128,-79.107
2162,35.88091,-79.10634
2165,35.88045,-79.1057
2167,35.88011,-79.10524
2170,35.87957,-79.10456
2173,35.87903,-79.10396
2175,35.87848,-79.10348
2177,35.8778,-79.10317
2180,35.87709,-79.10274
2183,35.87654,-79.10246
2185,35.87598,-79.10227
2187,35.87526,-79.1021
2190,35.87455,-79.10196
2193,35.87344,-79.1019
2195,35.87275,-79.1019
2198,35.87206,-79.10198
2200,35.87129,-79.10205
2202,35.87037,-79.1023
2205,35.86956,-79.10258
2207,35.8689,-79.1029
2210,35.86831,-79.10323
2212,35.86745,-79.10383
2214,35.86689,-79.10435
2216,35.86634,-79.10493
2218,35.86598,-79.10545
2221,35.86538,-79.10638
2224,35.86488,-79.10742
2227,35.8643,-79.10891
2229,35.86407,-79.11
2232,35.86391,-79.11129
2235,35.86418,-79.11246
2237,35.86436,-79.11346
2240,35.86472,-79.11449
2242,35.86518,-79.11568
2245,35.86586,-79.11679
2247,35.86656,-79.11765
2250,35.86753,-79.11832
2252,35.86831,-79.11882
2254,35.86925,-79.11923
2257,35.8703,-79.11972
2259,35.87143,-79.11978
2262,35.8727,-79.12002
2265,35.87369,-79.12002
2267,35.87459,-79.11989
2270,35.87582,-79.11959
2273,35.8766,-79.11925
2275,35.87756,-79.1188
2277,35.87817,-79.11839
2280,35.87898,-79.1178
2283,35.87957,-79.11722
2285,35.88035,-79.11636
2287,35.88084,-79.11568
2289,35.88122,-79.11501
2292,35.8816,-79.11434
2294,35.88186,-79.11359
2297,35.8822,-79.1126
2299,35.88242,-79.11182
2301,35.88251,-79.111
2304,35.88259,-79.11015
2306,35.88228,-79.1096
2309,35.88202,-79.10866
2311,35.88185,-79.10786
2315,35.88124,-79.10689
2317,35.8807,-79.10638
2320,35.88025,-79.10567
2322,35.87981,-79.10503
2325,35.87929,-79.10437
2328,35.87865,-79.10367
2330,35.87798,-79.10333
2332,35.87729,-79.10291
2334,35.87664,-79.10257
2336,35.87595,-79.10238
2338,35.87525,-79.10223
2340,35.87458,-79.10204
2343,35.87357,-79.10191
2346,35.87262,-79.10196
2348,35.87166,-79.10217
2350,35.87065,-79.10235
2352,35.8701,-79.10246
2355,35.86944,-79.10268
2358,35.86868,-79.10301
2360,35.86792,-79.10352
2363,35.86692,-79.10424
2365,35.86628,-79.10499
2368,35.86574,-79.10575
2370,35.86512,-79.10665
2373,35.86474,-79.10754
2375,35.86435,-79.10844
2377,35.86417,-79.1093
2379,35.86415,-79.11024
2382,35.86415,-79.11129
2384,35.86429,-79.11236
2386,35.86441,-79.11326
2389,35.86439,-79.11453
2391,35.86472,-79.11549
2393,35.86534,-79.11621
2396,35.8658,-79.11684
2398,35.86654,-79.11785
2401,35.86723,-79.11846
2403,35.86766,-79.1188
2405,35.86891,-79.11945
2408,35.87006,-79.11965
2410,35.87127,-79.11989
2413,35.87203,-79.1201
2416,35.87295,-79.12024
2418,35.87394,-79.12009
2420,35.87511,-79.11976
2423,35.87618,-79.11942
2425,35.87669,-79.11926
2427,35.87726,-79.11901
2429,35.87779,-79.11869
2432,35.87862,-79.11808
2435,35.87956,-79.11722
2437,35.88016,-79.11657
2440,35.88089,-79.11553
2443,35.88138,-79.11455
2445,35.88165,-79.11374
2448,35.88175,-79.11299
2458,35.88131,-79.10942
2467,35.88046,-79.10627
2470,35.87974,-79.10531
2472,35.87912,-79.10474
2474,35.8785,-79.10426
2477,35.87801,-79.10364
2479,35.877,-79.10325
2596,35.88171,-79.11276
2605,35.88164,-79.10921
2613,35.88038,-79.10632
2616,35.8799,-79.10552
2619,35.87933,-79.1049
2621,35.87844,-79.1039
2624,35.87794,-79.10333
2637,35.87229,-79.10206
2639,35.87169,-79.10198
2642,35.87018,-79.10167
2645,35.86962,-79.10143
2654,35.86788,-79.09768
2659,35.86778,-79.09558
2661,35.8677,-79.09472
2665,35.86719,-79.0931
2697,35.86533,-79.0801
2703,35.86544,-79.07763
2706,35.86549,-79.07664
2834,35.89874,-79.05178
2841,35.90275,-79.05092
2844,35.90401,-79.05064
2847,35.90511,-79.05041
2849,35.90603,-79.05032
2852,35.90724,-79.05
2854,35.90834,-79.0498
2856,35.90939,-79.04961
2858,35.91033,-79.04951
2861,35.91143,-79.04948
2863,35.91244,-79.04919
2865,35.9133,-79.04863
2867,35.91424,-79.04787
2869,35.91475,-79.04685
2872,35.915,-79.0456
2874,35.91516,-79.04458
2876,35.91499,-79.04356
2879,35.91455,-79.04264
2881,35.91399,-79.042
2883,35.91339,-79.04146
2886,35.91192,-79.04072
2889,35.91099,-79.04034
2891,35.90999,-79.04024
2893,35.90883,-79.03996
2895,35.90795,-79.03962
2898,35.90692,-79.03919
2900,35.9056,-79.03873
2903,35.90459,-79.03815
2905,35.90391,-79.03771
2907,35.90316,-79.03723
2910,35.90236,-79.03669
2993,35.89442,-79.06204
3005,35.89802,-79.05949
3008,35.89835,-79.05877
3010,35.89896,-79.05796
3012,35.89954,-79.0571
3015,35.89995,-79.05643
3019,35.90062,-79.05493
3021,35.90084,-79.05419
3024,35.90107,-79.05316
3026,35.90106,-79.05244
3029,35.90095,-79.0509
3031,35.90069,-79.05004
3033,35.90052,-79.04923
3036,35.90033,-79.04863
3117,35.88676,-79.05883
3128,35.89043,-79.06082
3130,35.89136,-79.06088
3133,35.89232,-79.061
3135,35.89321,-79.06097
3138,35.89407,-79.06081
3140,35.89492,-79.06065
3143,35.89543,-79.06053
3145,35.89616,-79.06023
3147,35.89712,-79.05968
3150,35.89802,-79.05904
3152,35.89875,-79.05841
3154,35.89919,-79.05787
3157,35.89975,-79.05714
3159,35.90021,-79.05633
3162,35.90064,-79.05546
3164,35.90102,-79.05447
3167,35.9012,-79.05371
3169,35.90129,-79.05286
3171,35.90118,-79.05189
3174,35.90114,-79.05096
3176,35.901,-79.04998
3179,35.9008,-79.04896
3182,35.90032,-79.04803
3184,35.89991,-79.04717
3187,35.89947,-79.04655
3203,35.89346,-79.04304
3206,35.8928,-79.04292
3208,35.89165,-79.04289
3211,35.89101,-79.04282
3213,35.89,-79.04305
3216,35.88885,-79.04346
3218,35.88809,-79.04391
3223,35.88603,-79.04534
3225,35.88568,-79.04577
3240,35.88332,-79.05129
3242,35.88335,-79.05225
3244,35.88323,-79.05321
3246,35.88322,-79.05414
3248,35.88348,-79.05491
3251,35.88388,-79.05592
3253,35.88437,-79.05653
3256,35.88486,-79.05725
3258,35.88557,-79.05824
3261,35.88623,-79.05874
3263,35.88658,-79.05894
3265,35.8877,-79.05968
3268,35.8888,-79.0601
3270,35.8898,-79.06026
3272,35.89069,-79.06037
3274,35.8914,-79.06066
3287,35.89557,-79.0604
3289,35.89642,-79.06006
3291,35.89696,-79.05975
3294,35.89794,-79.05908
3297,35.8991,-79.05826
3299,35.89973,-79.0576
3302,35.90024,-79.05669
3304,35.90053,-79.05616
3307,35.90059,-79.05559
3309,35.90066,-79.05514
3312,35.90087,-79.05401
3314,35.90092,-79.05317
3317,35.90115,-79.05193
3319,35.90125,-79.05096
3321,35.90127,-79.04997
3323,35.90099,-79.04915
3326,35.90057,-79.04822
3328,35.90007,-79.04757
3330,35.89954,-79.04678
3333,35.89895,-79.0461
3336,35.89829,-79.04526
3338,35.89738,-79.0444
3341,35.89664,-79.04388
3343,35.89575,-79.0436
3345,35.89475,-79.0432
3348,35.89385,-79.04307
3350,35.89293,-79.04296
3352,35.89185,-79.04294
3355,35.89076,-79.04301
3357,35.88992,-79.04323
3360,35.889,-79.04353
3363,35.88805,-79.04392
3365,35.88734,-79.04435
3367,35.8864,-79.04509
3370,35.88579,-79.04568
3372,35.88522,-79.04645
3374,35.88457,-79.04736
3377,35.88415,-79.04822
3379,35.88382,-79.04912
3382,35.88344,-79.05021
3384,35.88318,-79.05112
3386,35.88328,-79.05205
3389,35.88332,-79.05291
3391,35.88352,-79.05391
3394,35.88378,-79.05486
3396,35.88395,-79.05522
3399,35.88447,-79.05659
3401,35.88489,-79.05705
3403,35.88546,-79.05791
3405,35.88629,-79.05865
3408,35.8869,-79.05913
3411,35.88781,-79.0598
3413,35.8888,-79.06029
3416,35.8897,-79.06058
3418,35.89055,-79.06072
3420,35.89132,-79.06084
3422,35.89214,-79.06093
3424,35.8929,-79.06097
3427,35.89376,-79.06097
3429,35.89464,-79.06074
3431,35.8955,-79.06038
3434,35.89624,-79.0601
3436,35.89718,-79.05965
3439,35.89791,-79.05913
3441,35.89865,-79.05862
3444,35.8993,-79.05782
3447,35.89979,-79.05697
3449,35.90017,-79.05632
3452,35.90062,-79.05547
3454,35.90096,-79.05463
3456,35.90132,-79.0537
3459,35.90134,-79.05295
3461,35.90151,-79.05181
3464,35.90134,-79.05074
3466,35.90122,-79.04996
3468,35.90107,-79.04903
3471,35.90062,-79.04827
3473,35.90038,-79.04752
3475,35.89991,-79.04664
3477,35.8993,-79.04586
3480,35.89868,-79.04521
3482,35.89794,-79.04479
3484,35.89721,-79.04418
3487,35.89625,-79.04383
3489,35.89521,-79.04346
3491,35.89441,-79.04324
3494,35.89343,-79.04298
3496,35.89254,-79.04285
3498,35.89173,-79.04287
3500,35.89091,-79.04297
3502,35.88995,-79.04325
3505,35.88894,-79.04356
3508,35.88775,-79.04405
3510,35.88719,-79.04459
3512,35.88631,-79.0452
3515,35.8856,-79.04584
3517,35.88482,-79.0467
3520,35.88429,-79.04755
3522,35.88403,-79.04829
3524,35.88378,-79.04915
3526,35.88355,-79.04988
3529,35.88334,-79.05098
3531,35.88323,-79.0518
3533,35.8832,-79.05289
3536,35.88331,-79.05393
3538,35.8836,-79.05466
3541,35.88388,-79.05568
3543,35.88446,-79.05644
3546,35.88493,-79.05723
3548,35.88542,-79.05807
3551,35.8866,-79.05888
3554,35.88739,-79.05949
3556,35.88826,-79.05987
3559,35.88911,-79.06022
3561,35.88994,-79.06059
3564,35.8907,-79.06092
3566,35.89165,-79.0609
3568,35.89249,-79.06096
3571,35.89368,-79.06087
3574,35.89455,-79.06071
3577,35.89561,-79.06042
3579,35.89649,-79.06002
3581,35.89717,-79.05964
3584,35.89795,-79.05911
3586,35.89858,-79.05864
3588,35.89923,-79.05791
3591,35.89967,-79.05723
3593,35.90014,-79.05646
3595,35.9005,-79.0558
3597,35.90083,-79.05502
3600,35.9011,-79.05409
3603,35.90154,-79.05292
3605,35.90172,-79.05199
3607,35.90148,-79.05134
3610,35.90128,-79.05038
3612,35.90112,-79.04957
3614,35.90089,-79.04882
3616,35.90068,-79.04801
3618,35.90038,-79.04723
3621,35.8998,-79.0464
3623,35.89921,-79.04584
3625,35.89847,-79.04498
3628,35.89782,-79.04449
3630,35.8971,-79.04401
3632,35.89622,-79.04355
3634,35.89513,-79.04339
3637,35.89415,-79.04317
3639,35.89343,-79.04302
3642,35.89248,-79.0428
3644,35.89166,-79.0428
3647,35.89056,-79.04301
3649,35.88955,-79.04328
3651,35.88882,-79.04356
3653,35.88807,-79.04394
3656,35.88714,-79.04449
3658,35.88617,-79.04527
3661,35.88534,-79.04606
3663,35.88478,-79.04675
3666,35.8842,-79.04769
3668,35.8839,-79.04851
3670,35.88361,-79.04925
3673,35.88337,-79.0505
3675,35.88334,-79.05146
3678,35.8833,-79.05239
3680,35.88341,-79.05332
3682,35.88349,-79.05399
3685,35.88376,-79.05485
3687,35.8843,-79.05603
3689,35.8847,-79.05659
3692,35.88502,-79.05731
3694,35.88528,-79.05803
3696,35.88604,-79.05887
3698,35.88692,-79.05932
3701,35.88785,-79.05968
3703,35.88865,-79.06009
3705,35.88923,-79.06039
3708,35.89035,-79.06066
3710,35.89115,-79.06084
3712,35.89205,-79.06083
3714,35.89287,-79.06086
3716,35.89371,-79.06086
3719,35.89457,-79.06069
3722,35.89544,-79.06039
3724,35.89648,-79.06
3726,35.89717,-79.05964
3729,35.89777,-79.05925
3731,35.89831,-79.05884
3733,35.89917,-79.05798
3736,35.89985,-79.0572
3739,35.90031,-79.05634
3741,35.90067,-79.05566
3743,35.90098,-79.05486
3746,35.90129,-79.05392
3748,35.90144,-79.05304
3751,35.90149,-79.05198
3753,35.90136,-79.05096
3755,35.90129,-79.05019
3758,35.90103,-79.04915
3760,35.90075,-79.04836
3763,35.90031,-79.04761
3765,35.89977,-79.04691
3767,35.89936,-79.04626
3769,35.89883,-79.04568
3772,35.89825,-79.04513
3775,35.89708,-79.04421
3777,35.89612,-79.04357
3780,35.89524,-79.04331
3783,35.89412,-79.04301
3785,35.89301,-79.04292
3788,35.89223,-79.04294
3790,35.89097,-79.04301
3793,35.88985,-79.04325
3795,35.8888,-79.04362
3798,35.88803,-79.04396
3800,35.88715,-79.04449
3802,35.88639,-79.04503
3805,35.88558,-79.04584
3808,35.88501,-79.04658
3810,35.88444,-79.04741
3812,35.88406,-79.04814
3815,35.88364,-79.04916
3817,35.88332,-79.05006
3819,35.88334,-79.05086
3822,35.88311,-79.05198
3825,35.88324,-79.05317
3827,35.88348,-79.05404
3830,35.88376,-79.055
3832,35.88418,-79.05585
3834,35.88462,-79.05645
3836,35.88501,-79.05724
3839,35.8857,-79.05816
3841,35.88625,-79.05878
3844,35.88717,-79.05928
3847,35.88811,-79.05987
3849,35.88891,-79.0602
3851,35.88965,-79.06049
3853,35.89034,-79.06068
3856,35.89164,-79.06089
3858,35.89246,-79.06086
3861,35.89334,-79.06083
3863,35.8941,-79.06073
3865,35.89492,-79.06059
3867,35.89572,-79.06028
3870,35.89641,-79.06005
3873,35.89748,-79.05945
3875,35.89806,-79.05895
3877,35.8987,-79.05849
3879,35.89936,-79.05789
3881,35.89988,-79.05723
3884,35.90046,-79.05629
3886,35.90088,-79.05551
3889,35.90116,-79.05464
3891,35.90145,-79.0538
3893,35.90158,-79.05293
3896,35.9017,-79.05203
3898,35.90153,-79.05094
3901,35.90144,-79.05012
3903,35.90124,-79.04934
3905,35.90094,-79.0487
3907,35.90051,-79.04779
3910,35.90007,-79.0469
3912,35.8996,-79.04609
3914,35.89913,-79.0454
3916,35.89862,-79.04482
3918,35.89792,-79.04438
3921,35.89718,-79.04391
3923,35.89618,-79.04343
3925,35.89523,-79.04309
3928,35.89405,-79.04289
3931,35.893,-79.04287
3933,35.89199,-79.04287
3935,35.89103,-79.04301
3937,35.89019,-79.04317
3940,35.88922,-79.04344
3943,35.88845,-79.04382
3946,35.88718,-79.04488
3948,35.88685,-79.04581
3950,35.88649,-79.0469
3952,35.88653,-79.04798
3954,35.8865,-79.0487
3956,35.88638,-79.0495
3959,35.88609,-79.05103
3962,35.88603,-79.05186
3964,35.88603,-79.05265
3967,35.88575,-79.054
3969,35.88547,-79.05517
3972,35.88536,-79.05582
3974,35.88511,-79.05732
3976,35.88501,-79.05817
3980,35.88487,-79.05965
3982,35.88468,-79.06064
3984,35.8846,-79.06149
3986,35.88451,-79.06244
3989,35.88432,-79.06361
3992,35.88411,-79.06446
3994,35.88393,-79.06579
3997,35.88378,-79.06691
3999,35.88358,-79.06788
4001,35.88344,-79.06883
4003,35.88338,-79.06963
4006,35.88322,-79.07074
4008,35.88309,-79.07171
4011,35.88284,-79.073
4013,35.88274,-79.07387
4015,35.8826,-79.07468
4018,35.88253,-79.07585
4021,35.8825,-79.07691
4023,35.88218,-79.07789
4025,35.88201,-79.07883
4027,35.88186,-79.07995
4030,35.88187,-79.08083
4032,35.88199,-79.08155
4035,35.88187,-79.08298
4037,35.88165,-79.08394
4040,35.88137,-79.08493
4042,35.88128,-79.08604
4045,35.88112,-79.08713
4047,35.88102,-79.08816
4050,35.88088,-79.08926
4052,35.88081,-79.09022
4055,35.88052,-79.09122
4057,35.88038,-79.09201
4059,35.88025,-79.09304
4062,35.8801,-79.09424
4064,35.88008,-79.09502
4067,35.88031,-79.09629
4070,35.88095,-79.09734
4072,35.88183,-79.09778
4075,35.88318,-79.0978
4078,35.88415,-79.09804
4080,35.88508,-79.09774
4083,35.88605,-79.09719
4086,35.88681,-79.09627
4088,35.88733,-79.09558
4090,35.8879,-79.09488
4093,35.88837,-79.09421
4095,35.88869,-79.0935
4186,35.87226,-79.09009
4190,35.87304,-79.09178
4193,35.87352,-79.0926
4196,35.87422,-79.0935
4198,35.87465,-79.09415
4201,35.87544,-79.09517
4203,35.87615,-79.09569
4206,35.87695,-79.09614
4208,35.87789,-79.09645
4211,35.87872,-79.09677
4213,35.87955,-79.09704
4215,35.88033,-79.09716
4218,35.88134,-79.0972
4220,35.88205,-79.09707
4223,35.8833,-79.09682
4225,35.88415,-79.09653
4227,35.88505,-79.09613
4229,35.88561,-79.09584
4232,35.88671,-79.09524
4234,35.8874,-79.09461
4237,35.88805,-79.094
4239,35.88854,-79.09342
4241,35.88889,-79.0928
4243,35.88943,-79.09195
4245,35.88977,-79.0914
4248,35.89011,-79.0903
4250,35.89016,-79.08937
4253,35.8903,-79.08834
4255,35.89028,-79.08752
4258,35.89008,-79.0866
4260,35.88981,-79.0857
4263,35.88967,-79.0847
4265,35.88906,-79.084
4268,35.8888,-79.08345
4278,35.88643,-79.08012
4280,35.88469,-79.07989
4282,35.88449,-79.07971
4285,35.88375,-79.07912
4288,35.88255,-79.07873
4290,35.88132,-79.07876
4292,35.88024,-79.07901
4295,35.87926,-79.07925
4297,35.87825,-79.07944
4299,35.87755,-79.07967
4302,35.87676,-79.08013
4304,35.87596,-79.08065
4306,35.87543,-79.08105
4309,35.87473,-79.08182
4311,35.87404,-79.08264
4313,35.87341,-79.08349
4316,35.87285,-79.08433
4319,35.87238,-79.08554
4321,35.87239,-79.08643
4323,35.8723,-79.08739
4326,35.87208,-79.08836
4329,35.87203,-79.08953
4331,35.87218,-79.09042
4334,35.87256,-79.09148
4336,35.87311,-79.09228
4338,35.87338,-79.09295
4341,35.87398,-79.09395
4343,35.8746,-79.09474
4346,35.87527,-79.09537
4348,35.87599,-79.09579
4350,35.87681,-79.09613
4352,35.87746,-79.0964
4354,35.87845,-79.09675
4357,35.87933,-79.09697
4360,35.88037,-79.09705
4362,35.88143,-79.09713
4364,35.88224,-79.09699
4367,35.88315,-79.09685
4369,35.88407,-79.09659
4372,35.88492,-79.09623
4374,35.88568,-79.09588
4377,35.88679,-79.09521
4379,35.88752,-79.09462
4381,35.88804,-79.09397
4384,35.88854,-79.09324
4386,35.88906,-79.09257
4388,35.88953,-79.09181
4390,35.88996,-79.09099
4393,35.89031,-79.0899
4396,35.89032,-79.08905
4398,35.89018,-79.08828
4400,35.8899,-79.08761
4403,35.88971,-79.08668
4405,35.88957,-79.08583
4408,35.88938,-79.08488
4410,35.889,-79.08371
4414,35.88833,-79.0827
4416,35.88762,-79.0821
4418,35.88696,-79.08143
4421,35.88612,-79.08081
4423,35.88543,-79.08032
4426,35.88445,-79.07986
4428,35.88339,-79.07954
4430,35.88246,-79.07931
4433,35.88138,-79.07925
4435,35.88045,-79.07928
4438,35.87916,-79.07926
4440,35.8785,-79.07942
4443,35.87763,-79.07965
4445,35.87679,-79.08013
4447,35.87607,-79.0805
4450,35.87474,-79.08137
4453,35.87391,-79.08211
4455,35.87335,-79.08277
4458,35.87266,-79.08384
4461,35.87236,-79.08478
4463,35.87219,-79.08562
4466,35.8723,-79.08696
4468,35.87263,-79.08814
4471,35.87296,-79.08872
4473,35.87383,-79.08963
4475,35.87524,-79.0899
4478,35.87616,-79.0903
4481,35.8776,-79.09008
4483,35.87839,-79.08965
4486,35.87945,-79.08889
4489,35.87999,-79.08813
4491,35.88067,-79.08698
4494,35.88077,-79.08608
4496,35.88047,-79.08471
4498,35.8803,-79.08374
4501,35.87979,-79.08284
4503,35.87914,-79.0823
4506,35.8776,-79.08194
4518,35.87278,-79.0802
4528,35.86834,-79.07893
4536,35.86608,-79.07683
4539,35.86499,-79.07587
4541,35.86471,-79.07495
4544,35.8651,-79.07344
4546,35.86559,-79.07266
4549,35.86599,-79.07193
4551,35.86723,-79.07123
4554,35.86805,-79.07082
4556,35.86919,-79.07064
4558,35.87008,-79.0705
4560,35.87083,-79.0705
4563,35.87201,-79.07036
4566,35.87308,-79.07026
4568,35.87381,-79.07028
4571,35.87487,-79.07025
4573,35.87567,-79.07014
4575,35.87655,-79.07009
4578,35.87729,-79.07004
4580,35.87835,-79.07003
4582,35.87924,-79.06997
4584,35.88018,-79.06988
4586,35.88107,-79.06975
4589,35.8822,-79.06968
4591,35.88302,-79.06964
4593,35.88385,-79.06959
4596,35.88496,-79.06945
4599,35.88598,-79.06928
4601,35.88684,-79.06923
4603,35.88758,-79.06924
4605,35.88826,-79.06922
4608,35.8892,-79.06914
4611,35.89022,-79.06908
4613,35.89094,-79.06899
4615,35.89176,-79.06892
4619,35.89324,-79.06874
4621,35.89384,-79.06874
4623,35.89457,-79.06877
4626,35.89534,-79.0687
4629,35.89634,-79.0686
4631,35.8972,-79.06853
4634,35.89821,-79.06854
4636,35.89899,-79.06847
4638,35.89963,-79.06845
4641,35.90066,-79.06837
4643,35.90145,-79.06834
4646,35.90239,-79.06829
4649,35.90357,-79.06827
4652,35.90467,-79.06788
4654,35.9055,-79.06734
4657,35.90598,-79.06664
4659,35.90627,-79.0658
4663,35.90637,-79.06447
4665,35.90615,-79.0634
4668,35.90558,-79.06267
4670,35.90481,-79.06197
4673,35.90418,-79.06146
4675,35.90361,-79.0609
4677,35.90293,-79.06029
4680,35.90222,-79.05973
4682,35.90137,-79.05907
4684,35.90074,-79.05848
4687,35.90018,-79.05772
4690,35.89933,-79.05683
4693,35.8985,-79.05621
4696,35.89719,-79.0554
4698,35.89655,-79.05462
4700,35.89591,-79.05382
4703,35.89518,-79.05326
4706,35.89401,-79.05251
4708,35.89316,-79.05186
4710,35.89263,-79.05102
4713,35.89191,-79.05043
4715,35.89116,-79.04985
4717,35.89075,-79.04955
4719,35.88965,-79.04863
4721,35.88916,-79.04798
4724,35.88861,-79.04749
4726,35.88806,-79.047
4728,35.88745,-79.04648
4730,35.88653,-79.04606
4732,35.88603,-79.04581
4735,35.88484,-79.04577
4737,35.88384,-79.04624
4739,35.88278,-79.04668
4742,35.88204,-79.04749
4744,35.88154,-79.04845
4747,35.88138,-79.04961
4749,35.88129,-79.05057
4752,35.88126,-79.05166
4754,35.88135,-79.05218
4756,35.88173,-79.05324
4758,35.88233,-79.05384
4761,35.88315,-79.05452
4763,35.88371,-79.05527
4765,35.88387,-79.05604
4768,35.88433,-79.05684
4771,35.88534,-79.05778
4773,35.8866,-79.05797
4776,35.88733,-79.05831
4778,35.88808,-79.05884
4781,35.88908,-79.05933
4783,35.88992,-79.05959
4786,35.89069,-79.05963
4788,35.8918,-79.05965
4790,35.89267,-79.05965
4792,35.8934,-79.05967
4795,35.89434,-79.05961
4797,35.89512,-79.05926
4799,35.89582,-79.0591
4801,35.89654,-79.05867
4804,35.89744,-79.05812
4806,35.89813,-79.05759
4809,35.89884,-79.05698
4811,35.89931,-79.05637
4814,35.8998,-79.0556
4816,35.90016,-79.05486
4818,35.90045,-79.05418
4820,35.90084,-79.05325
4822,35.90106,-79.05248
4825,35.90106,-79.05155
4827,35.90102,-79.05064
4830,35.901,-79.04976
4832,35.90091,-79.04886
4836,35.90062,-79.04742
4838,35.90019,-79.04671
4840,35.89971,-79.04601
4843,35.89905,-79.04504
4845,35.89853,-79.04448
4847,35.89797,-79.04365
4850,35.89749,-79.04303
4853,35.89621,-79.04248
4855,35.89501,-79.04227
4857,35.89408,-79.04201
4861,35.89311,-79.04186
4863,35.89186,-79.04178
4865,35.89081,-79.04194
4867,35.8899,-79.042
4870,35.88921,-79.04183
4872,35.88791,-79.04143
4875,35.88696,-79.0413
4877,35.886,-79.0413
4879,35.88519,-79.04146
4882,35.88442,-79.04158
4884,35.88355,-79.04183
4886,35.88244,-79.04211
4888,35.8814,-79.04224
4891,35.88011,-79.04236
4893,35.87897,-79.04246
4896,35.87773,-79.04259
4899,35.87628,-79.04272
4901,35.8755,-79.04274
4903,35.87451,-79.04266
4905,35.87369,-79.04239
4907,35.87295,-79.04186
4910,35.87196,-79.04103
4912,35.8717,-79.04003
4914,35.87133,-79.0392
4916,35.87132,-79.03834
4919,35.87134,-79.03735
4921,35.8719,-79.03639
4923,35.87236,-79.03576
4926,35.87301,-79.03509
4928,35.87369,-79.03448
4930,35.8744,-79.03376
4933,35.87501,-79.03314
4935,35.87576,-79.03211
4937,35.87624,-79.03142
4939,35.87656,-79.03079
4942,35.87705,-79.02984
4944,35.8776,-79.02905
4946,35.87791,-79.02861
4949,35.87888,-79.02817
4952,35.88047,-79.02772
4954,35.88161,-79.02781
4956,35.88255,-79.02805
4959,35.88342,-79.02842
4961,35.88432,-79.02863
4963,35.8852,-79.02877
4966,35.88652,-79.02881
4968,35.88764,-79.02865
4971,35.88876,-79.02865
4974,35.8897,-79.02868
4976,35.89033,-79.02883
4979,35.89137,-79.02883
4981,35.89216,-79.02881
4983,35.89297,-79.02878
4986,35.89398,-79.02875
4988,35.89466,-79.02872
4990,35.89585,-79.02863
4992,35.89666,-79.0285
4995,35.89766,-79.02845
4997,35.89831,-79.02852
4999,35.89895,-79.02856
5002,35.89962,-79.02855
5007,35.90137,-79.02862
5009,35.90235,-79.02846
5011,35.90328,-79.02844
5014,35.90408,-79.02838
5016,35.90516,-79.02832
5018,35.90604,-79.02827
5020,35.90686,-79.02825
5022,35.90784,-79.02821
5025,35.90933,-79.02798
5028,35.91043,-79.02785
5030,35.91124,-79.02784
5032,35.91207,-79.02779
5034,35.91298,-79.02782
5036,35.91394,-79.02773
5039,35.91488,-79.02764
5041,35.91576,-79.02766
5043,35.91662,-79.02775
5046,35.91743,-79.02803
5048,35.91828,-79.02858
5050,35.91916,-79.02916
5052,35.9199,-79.02975
5054,35.92033,-79.03065
5057,35.9204,-79.03174
5059,35.92017,-79.03297
5062,35.91961,-79.03404
5066,35.91816,-79.03529
5068,35.91692,-79.0359
5070,35.91587,-79.03625
5073,35.91467,-79.03641
5075,35.91367,-79.0365
5168,35.88433,-79.06058
5191,35.87797,-79.06801
5193,35.87728,-79.06877
5195,35.87672,-79.06943
5197,35.87598,-79.07024
5200,35.87514,-79.0712
5202,35.87449,-79.07199
5204,35.87394,-79.07262
5207,35.87328,-79.07339
5209,35.87279,-79.07394
5212,35.87195,-79.07484
5214,35.87138,-79.07559
5216,35.8711,-79.07629
5219,35.87104,-79.07741
5221,35.87128,-79.07835
5246,35.87917,-79.07948
5248,35.87998,-79.07892
5250,35.88066,-79.07844
5255,35.8819,-79.0773
5257,35.88251,-79.07668
5259,35.88299,-79.07599
5262,35.8834,-79.07535
5264,35.88377,-79.07464
5267,35.88423,-79.07366
5269,35.88459,-79.07268
5272,35.88484,-79.07168
5274,35.88486,-79.07089
5276,35.88493,-79.07003
5279,35.88475,-79.06889
5281,35.88453,-79.06788
5283,35.88422,-79.06708
5286,35.88397,-79.06672
5288,35.88347,-79.0656
5291,35.88292,-79.06466
5293,35.8823,-79.06399
5295,35.88176,-79.06332
5298,35.88107,-79.06265
5300,35.88039,-79.0622
5302,35.87953,-79.06168
5305,35.8784,-79.0615
5308,35.87729,-79.06135
5310,35.87638,-79.06134
5312,35.87535,-79.0613
5314,35.87445,-79.06143
5317,35.87339,-79.06161
5320,35.87242,-79.06202
5322,35.87142,-79.06248
5325,35.87037,-79.06321
5328,35.8695,-79.06393
5330,35.86924,-79.06432
5332,35.8684,-79.06541
5335,35.86796,-79.06611
5337,35.86733,-79.06711
5339,35.86696,-79.06806
5341,35.86672,-79.06884
5344,35.86671,-79.06955
5347,35.86664,-79.07091
5350,35.86675,-79.07162
5352,35.8668,-79.07308
5354,35.86736,-79.07368
5356,35.86807,-79.07442
5358,35.86854,-79.07516
5361,35.86881,-79.07597
5363,35.86919,-79.0767
5366,35.86988,-79.07736
5368,35.87081,-79.07781
5370,35.87157,-79.07815
5373,35.87254,-79.07859
5376,35.87367,-79.07909
5378,35.87442,-79.07928
5380,35.87537,-79.07935
5382,35.87621,-79.07936
5385,35.87686,-79.07931
5387,35.87761,-79.07923
5389,35.87812,-79.07916
5392,35.87908,-79.07894
5394,35.87986,-79.0786
5396,35.88056,-79.07818
5399,35.88176,-79.07733
5401,35.88226,-79.07686
5404,35.88272,-79.07635
5406,35.88317,-79.07571
5409,35.8837,-79.07478
5411,35.88419,-79.07386
5414,35.88448,-79.07303
5416,35.88465,-79.07227
5419,35.88476,-79.07125
5422,35.88492,-79.06986
5424,35.88477,-79.06879
5427,35.88451,-79.06797
5429,35.88422,-79.06725
5431,35.88386,-79.06624
5434,35.88347,-79.06554
5436,35.88294,-79.06464
5438,35.88237,-79.06426
5440,35.88156,-79.0634
5443,35.88076,-79.06283
5445,35.87984,-79.0623
5448,35.87904,-79.06191
5451,35.87793,-79.06155
5453,35.87692,-79.06141
5456,35.87612,-79.06136
5458,35.87493,-79.06145
5461,35.87375,-79.06164
5463,35.87284,-79.0619
5466,35.87183,-79.06245
5468,35.87114,-79.06299
5471,35.87044,-79.06386
5473,35.87021,-79.06467
5476,35.86995,-79.06594
5478,35.8698,-79.06731
5481,35.87021,-79.0685
5484,35.8704,-79.06968
5486,35.87067,-79.07064
5488,35.87085,-79.07151
5491,35.87128,-79.07222
5505,35.87213,-79.07815
5507,35.87255,-79.07896
5509,35.87262,-79.08012
5512,35.87282,-79.08104
5514,35.87312,-79.08192
5517,35.8733,-79.0827
5519,35.87343,-79.08404
5521,35.8735,-79.085
5523,35.87356,-79.08599
5526,35.87353,-79.08695
5528,35.87338,-79.08794
5531,35.87245,-79.08895
5534,35.87117,-79.08987
5536,35.87019,-79.09018
5538,35.86907,-79.09029
5541,35.86801,-79.09031
5543,35.86706,-79.08999
5545,35.86607,-79.08955
5547,35.86521,-79.08888
5550,35.86513,-79.08775
5552,35.8647,-79.08679
5657,35.89608,-79.06879
5679,35.90475,-79.0683
5681,35.90564,-79.06822
5684,35.90674,-79.06814
5687,35.90784,-79.06801
5689,35.90893,-79.06789
5692,35.90991,-79.0677
5695,35.91094,-79.06751
5697,35.91226,-79.0671
5699,35.91303,-79.06692
5701,35.91362,-79.06682
5704,35.9145,-79.06659
5706,35.91531,-79.06635
5708,35.91617,-79.06611
5711,35.91721,-79.06578
5713,35.91806,-79.06554
5715,35.91888,-79.06512
5718,35.91941,-79.0645
5721,35.92014,-79.06323
5724,35.92096,-79.06136
5727,35.9211,-79.06026
5729,35.92111,-79.05932
5731,35.92086,-79.05851
5734,35.92073,-79.05761
5736,35.92056,-79.05679
5739,35.91995,-79.05552
5741,35.91932,-79.05472
5743,35.91831,-79.05439
5746,35.91716,-79.05395
5748,35.91584,-79.05411
5750,35.91438,-79.05438
5753,35.91336,-79.0544
5755,35.91249,-79.05424
5757,35.91179,-79.05404
5759,35.91079,-79.05396
5762,35.90972,-79.05393
5764,35.90854,-79.05387
5767,35.90715,-79.05389
5769,35.90621,-79.0538
5771,35.90531,-79.05379
5773,35.90425,-79.05378
5776,35.903,-79.05372
5778,35.90242,-79.05369
5780,35.90117,-79.05353
5782,35.9001,-79.0535
5785,35.89904,-79.05343
5787,35.89797,-79.05334
5790,35.89713,-79.05328
5792,35.89588,-79.05315
5794,35.89483,-79.05305
5796,35.894,-79.05294
5799,35.89275,-79.05284
5801,35.89172,-79.05279
5821,35.88284,-79.05215
5823,35.88193,-79.05212
5825,35.88101,-79.05202
5827,35.8801,-79.05196
5829,35.87923,-79.05205
5832,35.87844,-79.05228
5834,35.8775,-79.05302
5837,35.87683,-79.05382
5839,35.87665,-79.0544
5841,35.87594,-79.05592
5843,35.87586,-79.05687
5845,35.87611,-79.05772
5848,35.87621,-79.05875
5850,35.87634,-79.05968
5853,35.87646,-79.06088
5855,35.87641,-79.06152
5857,35.87656,-79.06271
5860,35.87666,-79.06341
5862,35.87669,-79.06456
5864,35.8767,-79.06554
5867,35.87663,-79.06681
5869,35.87665,-79.06772
5872,35.87676,-79.06869
5874,35.8768,-79.06933
5877,35.8768,-79.07018
5879,35.87682,-79.07117
5881,35.87703,-79.07191
5885,35.87767,-79.07353
5887,35.87859,-79.07396
5889,35.87933,-79.0742
5891,35.87999,-79.07429
5894,35.8812,-79.07416
5897,35.88214,-79.07367
5899,35.88289,-79.07293
5902,35.88343,-79.07212
5904,35.88386,-79.07144
5906,35.88432,-79.0706
5908,35.88465,-79.06994
5910,35.88486,-79.06932
5913,35.88525,-79.06838
5915,35.8856,-79.06738
5918,35.88581,-79.06636
5920,35.88597,-79.06557
5922,35.886,-79.0647
5925,35.88589,-79.06379
5927,35.88554,-79.06275
5930,35.88518,-79.06196
5932,35.88483,-79.0612
5934,35.88445,-79.06053
5936,35.88399,-79.05954
5939,35.88357,-79.05882
5941,35.88265,-79.05813
5944,35.88177,-79.05736
5946,35.88103,-79.05694
5948,35.88042,-79.05656
5951,35.87932,-79.05609
5953,35.87833,-79.05596
5955,35.87735,-79.05596
5958,35.87606,-79.05597
5960,35.87524,-79.05605
5963,35.87421,-79.05624
5965,35.87332,-79.05665
5967,35.87251,-79.05704
5970,35.87153,-79.05764
5972,35.87084,-79.05814
5974,35.87033,-79.05862
5977,35.8696,-79.05945
5979,35.86891,-79.06042
5981,35.86872,-79.06105
5984,35.86824,-79.06211
5986,35.86792,-79.06276
5988,35.86768,-79.06391
5991,35.86728,-79.06512
5993,35.86722,-79.06568
5995,35.86755,-79.06685
5998,35.8681,-79.0676
6000,35.86841,-79.06828
6002,35.86871,-79.06914
6006,35.86937,-79.07036
6008,35.86996,-79.07107
6010,35.87043,-79.07172
6013,35.87088,-79.07226
6015,35.87168,-79.07301
6018,35.87269,-79.07326
6020,35.87381,-79.07351
6022,35.87441,-79.07371
6025,35.87522,-79.074
6028,35.87635,-79.07421
6031,35.87752,-79.07418
6033,35.8783,-79.07406
6035,35.87904,-79.07389
6038,35.88001,-79.07352
6040,35.8807,-79.07321
6042,35.88151,-79.07272
6045,35.8823,-79.07207
6048,35.88295,-79.07111
6050,35.88334,-79.07004
6053,35.88346,-79.06875
6055,35.88303,-79.0677
6058,35.88278,-79.06676
6060,35.88237,-79.06587
6062,35.88205,-79.0651
6065,35.88179,-79.06394
6067,35.88171,-79.06309
6069,35.88164,-79.06218
6072,35.88167,-79.061
6074,35.88154,-79.06
6077,35.88142,-79.05892
6080,35.8811,-79.05773
6083,35.88094,-79.05652
6085,35.88083,-79.05562
6088,35.88063,-79.05435
6090,35.88052,-79.05345
6093,35.88032,-79.05225
6096,35.88017,-79.05099
6098,35.88,-79.05021
6101,35.87977,-79.04892
6104,35.87971,-79.04791
6106,35.8796,-79.04665
6109,35.87952,-79.04578
6111,35.87939,-79.04491
6113,35.87922,-79.0438
6116,35.87897,-79.04281
6118,35.87879,-79.04203
6120,35.87871,-79.04111
6123,35.87875,-79.04011
6125,35.87881,-79.03917
6128,35.87877,-79.03771
6130,35.87884,-79.03676
6132,35.87903,-79.03593
6134,35.87962,-79.03525
6137,35.88085,-79.03454
6140,35.88193,-79.03412
6142,35.88294,-79.03414
6145,35.88424,-79.03458
6147,35.88462,-79.03482
6150,35.8857,-79.03542
6153,35.88656,-79.03611
6156,35.88711,-79.03689
6158,35.88799,-79.0376
6160,35.88868,-79.03813
6162,35.8896,-79.03827
6165,35.89069,-79.0385
6168,35.89185,-79.03834
6170,35.89278,-79.03832
6173,35.89388,-79.03833
6175,35.89466,-79.03833
6177,35.89542,-79.03837
6179,35.89624,-79.03853
6182,35.89689,-79.03867
6184,35.89793,-79.03868
6187,35.89945,-79.03847
6189,35.90042,-79.03848
6192,35.90159,-79.03838
6194,35.90238,-79.03841
6196,35.90343,-79.03845
6199,35.90445,-79.0385
6201,35.90526,-79.0385
6203,35.90608,-79.03851
6206,35.90707,-79.03854
6209,35.90823,-79.03857
6211,35.90909,-79.03862
6213,35.91,-79.03861
6215,35.91089,-79.03863
6217,35.91189,-79.03853
6220,35.91307,-79.03837
6222,35.91407,-79.03835
6225,35.9152,-79.03834
6227,35.91603,-79.03837
6230,35.91701,-79.03846
6232,35.91795,-79.03847
6235,35.9189,-79.03843
6237,35.91956,-79.03835
6240,35.92047,-79.03824
6242,35.92163,-79.03827
6245,35.92244,-79.0384
6247,35.9234,-79.03917
6249,35.92406,-79.03989
6251,35.92437,-79.04079
6253,35.92459,-79.04171
6256,35.92459,-79.04275
6258,35.92414,-79.04366
6260,35.92368,-79.04448
6262,35.92289,-79.04526
6265,35.92181,-79.0461
6267,35.92088,-79.04671
6269,35.9201,-79.0474
6272,35.91914,-79.04832
6274,35.91836,-79.04909
6277,35.91758,-79.04986
6279,35.91697,-79.05054
6281,35.91633,-79.0513
6284,35.91564,-79.05208
6287,35.91482,-79.05284
6289,35.91371,-79.05335
6291,35.91268,-79.05354
6293,35.91145,-79.05355
6296,35.91038,-79.05325
6298,35.90957,-79.05282
6300,35.90874,-79.05249
6302,35.90809,-79.05216
6304,35.90725,-79.0518
6307,35.90623,-79.05154
6309,35.90523,-79.05137
6311,35.90395,-79.05109
6314,35.90295,-79.05087
6316,35.90193,-79.05057
6318,35.90114,-79.05021
6321,35.9004,-79.04981
6323,35.89922,-79.04942
6326,35.89817,-79.04908
6328,35.89721,-79.04882
6330,35.89624,-79.04859
6332,35.8953,-79.04827
6335,35.89423,-79.04807
6337,35.89334,-79.04786
6340,35.89221,-79.04752
6342,35.89159,-79.04725
6345,35.89093,-79.04716
6347,35.88959,-79.04735
6349,35.88885,-79.04769
6351,35.88791,-79.04837
6354,35.88703,-79.04932
6356,35.88704,-79.05044
6359,35.88701,-79.05153
6361,35.88661,-79.05244
6364,35.88698,-79.05343
6367,35.88732,-79.05406
6370,35.88837,-79.05503
6372,35.8895,-79.05525
6374,35.89031,-79.05561
6377,35.89137,-79.05561
6379,35.8924,-79.0554
6381,35.89325,-79.05485
6384,35.89396,-79.05417
6386,35.89427,-79.05365
6388,35.89478,-79.05241
6390,35.89506,-79.05131
6414,35.89479,-79.04181
6417,35.89487,-79.04053
6419,35.89493,-79.03986
6422,35.89522,-79.03872
6424,35.89545,-79.03815
6426,35.89603,-79.03751
6429,35.89711,-79.03715
6431,35.8981,-79.03683
6434,35.8989,-79.03658
6437,35.89999,-79.03586
6439,35.90079,-79.03539
6442,35.90197,-79.03471
6444,35.90274,-79.03434
6447,35.90339,-79.03403
6449,35.90391,-79.03371
6452,35.90573,-79.03283
6454,35.90673,-79.03234
6457,35.90739,-79.03201
6459,35.90781,-79.03178
6462,35.90829,-79.03155
6464,35.90869,-79.03137
6466,35.90944,-79.03098
6468,35.91091,-79.03023
6471,35.91195,-79.02966
6473,35.913,-79.02906
6475,35.91379,-79.02863
6477,35.91461,-79.0282
6480,35.91543,-79.02784
6483,35.91628,-79.02743
6485,35.91698,-79.02703
6487,35.91783,-79.02658
6489,35.9186,-79.02618
6492,35.9195,-79.02576
6494,35.92023,-79.02537
6497,35.92103,-79.02495
6499,35.92188,-79.02451
6501,35.92259,-79.02413
6503,35.92339,-79.02368
6506,35.92437,-79.02325
6508,35.92514,-79.02287
6511,35.9258,-79.02253
6513,35.92687,-79.02195
6516,35.92785,-79.02141
6518,35.92861,-79.02101
6520,35.92953,-79.02054
6523,35.93025,-79.02019
6525,35.93094,-79.01985
6527,35.93184,-79.01939
6530,35.93265,-79.01895
6532,35.93369,-79.01838
6534,35.93439,-79.01807
6537,35.93486,-79.01788
6539,35.93554,-79.01754
6541,35.9364,-79.01704
6543,35.93732,-79.01659
6546,35.9383,-79.01612
6549,35.93896,-79.01569
6551,35.93977,-79.01533
6553,35.94027,-79.01459
6556,35.9409,-79.01334
6558,35.941,-79.01252
6561,35.94059,-79.01138
6563,35.94007,-79.01056
6566,35.93974,-79.00971
6580,35.93402,-79.00867
6582,35.93345,-79.00875
6585,35.93231,-79.00891
6587,35.93158,-79.00919
6589,35.93094,-79.00945
6591,35.93027,-79.00974
6593,35.92954,-79.01018
6596,35.92896,-79.01066
6598,35.928,-79.01161
6601,35.92721,-79.01241
6603,35.92652,-79.01347
6606,35.92538,-79.01465
6609,35.92478,-79.01554
6611,35.92371,-79.01701
6613,35.92189,-79.01878
6616,35.9215,-79.02016
6618,35.92167,-79.02122
6621,35.92256,-79.02157
6623,35.92609,-79.02099
6627,35.92678,-79.0222
6630,35.92716,-79.02289
6632,35.92749,-79.02373
6634,35.92795,-79.0244
6637,35.92889,-79.02537
6640,35.92971,-79.02569
6642,35.93034,-79.02611
6644,35.93117,-79.02649
6647,35.93205,-79.02678
6650,35.9333,-79.02701
6652,35.93439,-79.0268
6654,35.93527,-79.02687
6657,35.93592,-79.02686
6659,35.93659,-79.02687
6662,35.93792,-79.02637
6665,35.93863,-79.02596
6667,35.93943,-79.02562
6670,35.94016,-79.02499
6673,35.94081,-79.02441
6675,35.94153,-79.02362
6677,35.94213,-79.02289
6680,35.94276,-79.02194
6682,35.9432,-79.02093
6685,35.9435,-79.01993
6687,35.94369,-79.019
6690,35.94376,-79.01837
6701,35.94266,-79.01429
6704,35.94203,-79.01276
6706,35.94159,-79.01207
6708,35.94102,-79.01146
6711,35.94056,-79.01105
6726,35.93619,-79.00644
6728,35.93693,-79.00513
6730,35.93713,-79.00461
6732,35.93759,-79.00397
6735,35.93836,-79.00349
6737,35.93891,-79.00329
6739,35.94006,-79.00294
6742,35.94106,-79.00262
6745,35.94226,-79.00212
6747,35.94301,-79.00168
6749,35.94374,-79.00125
6752,35.94455,-79.00071
6754,35.9451,-79.00036
6756,35.94614,-78.9997
6759,35.94701,-78.99908
6761,35.94805,-78.99834
6763,35.94919,-78.99758
6765,35.94991,-78.99702
6768,35.9507,-78.99612
6771,35.95012,-78.99593
6784,35.94864,-78.99094
6787,35.9482,-78.9904
6793,35.94866,-78.98775
6795,35.94889,-78.98681
6797,35.94883,-78.98592
6799,35.94891,-78.98538
6802,35.94897,-78.98405
6804,35.94982,-78.98311
6807,35.95019,-78.98163
6812,35.94904,-78.98024
6814,35.94899,-78.97962
6816,35.94901,-78.97882
6818,35.94919,-78.97778
6821,35.95039,-78.97646
6832,35.95529,-78.96792
6841,35.95049,-78.96336
6848,35.94217,-78.9716
6850,35.94143,-78.97158
6853,35.9407,-78.97219
6855,35.94132,-78.9723
6858,35.94118,-78.97273
6860,35.94024,-78.97404
6862,35.93969,-78.97473
6865,35.93899,-78.97518
6867,35.93767,-78.97559
6869,35.93598,-78.9762
6872,35.9345,-78.97661
6874,35.93428,-78.97642
6876,35.93383,-78.97625
6879,35.93288,-78.97626
6881,35.93205,-78.97625
6884,35.93074,-78.97652
6886,35.92977,-78.97673
6888,35.92882,-78.9769
6890,35.92796,-78.977
6893,35.92727,-78.9769
6895,35.92631,-78.97708
6898,35.92526,-78.97721
6900,35.92421,-78.97735
6903,35.92273,-78.97769
6906,35.92163,-78.97783
6908,35.9205,-78.97802
6911,35.91938,-78.97816
6913,35.91804,-78.97858
6916,35.91697,-78.97877
6922,35.91357,-78.97975
6928,35.91214,-78.97931
6931,35.91094,-78.97951
6933,35.90978,-78.97972
6935,35.90854,-78.98008
6938,35.90746,-78.98036
6949,35.90283,-78.98275
6951,35.902,-78.98379
6955,35.90281,-78.98481
6957,35.90283,-78.98563
6960,35.90287,-78.98673
6962,35.90288,-78.98777
6964,35.9029,-78.98865
6967,35.90299,-78.98987
6969,35.90308,-78.99073
6971,35.9031,-78.99152
6973,35.90322,-78.99202
6986,35.9043,-78.99743
6988,35.9044,-78.99831
6992,35.90443,-79.00014
6999,35.90375,-79.00378
7002,35.90378,-79.0051
7008,35.90484,-79.00661
7010,35.90498,-79.00783
7012,35.90489,-79.00876
7014,35.9049,-79.00995
7017,35.90499,-79.01098
7019,35.90501,-79.01188
7021,35.90517,-79.01275
7023,35.90542,-79.01362
7026,35.90565,-79.01436
7028,35.90577,-79.01528
7030,35.90581,-79.01639
7032,35.90568,-79.01726
7035,35.90582,-79.01822
7037,35.906,-79.01904
7039,35.90618,-79.01988
7042,35.9064,-79.02087
7044,35.90671,-79.0218
7048,35.90699,-79.02299
7050,35.90755,-79.02373
7053,35.90833,-79.02398
7055,35.90944,-79.02336
7057,35.91094,-79.02257
7060,35.91189,-79.0219
7181,35.90193,-79.02642
7186,35.9023,-79.02862
7189,35.9027,-79.02934
7192,35.90301,-79.03081
7194,35.90308,-79.03181
7196,35.90281,-79.03239
7200,35.90424,-79.03353
7202,35.90509,-79.03432
7205,35.90604,-79.03471
7207,35.90671,-79.03526
7209,35.90712,-79.0358
7212,35.90819,-79.03658
7214,35.90906,-79.03709
7216,35.90959,-79.03778
7218,35.91012,-79.03845
7221,35.9104,-79.03961
7223,35.911,-79.04036
7226,35.91128,-79.04108
7228,35.91238,-79.04176
7230,35.91315,-79.04227
7233,35.91418,-79.04314
7235,35.91555,-79.04355
7238,35.91617,-79.04428
7240,35.9167,-79.04513
7242,35.9173,-79.04583
7245,35.91792,-79.04643
7247,35.91852,-79.04706
7250,35.91929,-79.04796
7252,35.91993,-79.04874
7254,35.92041,-79.04961
7257,35.92111,-79.05015
7259,35.92192,-79.05086
7262,35.92291,-79.05169
7264,35.92353,-79.0523
7266,35.924,-79.05291
7268,35.92458,-79.05344
7270,35.92524,-79.05406
7272,35.92608,-79.05455
7275,35.92689,-79.05495
7277,35.92759,-79.05539
7280,35.92865,-79.05569
7282,35.92955,-79.05572
7285,35.93051,-79.05552
7287,35.93135,-79.05507
7289,35.932,-79.05439
7291,35.93238,-79.05366
7293,35.93271,-79.05282
7296,35.93272,-79.05195
7298,35.93269,-79.05105
7300,35.93225,-79.05007
7302,35.93202,-79.04919
7304,35.93178,-79.04842
7306,35.93154,-79.04774
7309,35.93131,-79.04675
7311,35.93122,-79.04571
7313,35.93119,-79.04476
7316,35.93119,-79.04381
7318,35.93122,-79.04294
7320,35.93129,-79.04191
7322,35.93126,-79.04121
7324,35.93125,-79.04017
7327,35.93125,-79.03918
7329,35.93104,-79.03836
7331,35.93092,-79.0375
7333,35.931,-79.03648
7335,35.931,-79.03559
7338,35.93086,-79.03438
7340,35.93053,-79.03361
7342,35.9301,-79.0328
7345,35.92933,-79.03204
7347,35.92861,-79.03127
7349,35.92795,-79.03058
7352,35.92696,-79.02981
7354,35.9262,-79.02931
7356,35.92542,-79.02895
7359,35.92468,-79.02869
7362,35.92336,-79.02854
7364,35.92082,-79.02859
7367,35.91885,-79.0293
7369,35.91765,-79.0299
7372,35.91764,-79.02961
7375,35.91703,-79.02928
7377,35.91615,-79.02914
7379,35.91529,-79.02881
7382,35.91394,-79.02857
7384,35.91283,-79.02814
7387,35.91184,-79.02776
7389,35.91073,-79.02726
7392,35.91001,-79.02656
7394,35.90918,-79.02587
7396,35.90854,-79.02502
7399,35.90789,-79.02454
7401,35.90683,-79.02392
7403,35.90605,-79.02357
7406,35.90483,-79.0231
7408,35.90345,-79.02247
7412,35.90313,-79.02128
7414,35.9025,-79.02044
7417,35.90159,-79.01979
7430,35.89632,-79.01855
7433,35.89484,-79.01906
7435,35.89426,-79.01916
7440,35.89262,-79.02012
7442,35.89213,-79.02046
7444,35.89109,-79.02132
7446,35.89019,-79.0222
7449,35.88935,-79.02337
7451,35.88925,-79.02401
7453,35.88895,-79.02503
7455,35.8888,-79.02553
7459,35.88857,-79.02693
7461,35.8886,-79.02836
7463,35.88881,-79.02937
7468,35.88869,-79.03094
7470,35.88969,-79.03187
7472,35.89025,-79.03268
7474,35.89097,-79.03339
7477,35.89182,-79.03406
7480,35.89271,-79.03469
7482,35.89347,-79.03502
7484,35.8944,-79.03538
7487,35.89547,-79.03578
7501,35.9015,-79.03684
7503,35.90237,-79.03702
7505,35.90331,-79.03725
7507,35.90427,-79.03754
7510,35.90521,-79.03783
7512,35.90619,-79.03816
7515,35.90755,-79.03839
7517,35.90895,-79.03852
7520,35.90975,-79.03905
7522,35.90983,-79.03939
7525,35.91027,-79.04047
7527,35.91055,-79.04111
7529,35.9112,-79.04156
7533,35.91394,-79.0413
7535,35.91496,-79.04155
7538,35.916,-79.04177
7540,35.91703,-79.04185
7543,35.91742,-79.04202
7545,35.91776,-79.04213
7547,35.91842,-79.04206
7550,35.919,-79.04172
7552,35.92038,-79.04085
7555,35.92134,-79.04002
7557,35.92186,-79.03937
7559,35.92231,-79.03863
7561,35.92278,-79.03783
7563,35.92313,-79.03711
7565,35.9229,-79.03644
7568,35.92263,-79.03547
7570,35.92254,-79.03473
7573,35.92257,-79.03369
7575,35.9225,-79.03258
7578,35.92203,-79.03191
7580,35.92156,-79.03115
7582,35.92083,-79.0305
7585,35.92003,-79.02984
7587,35.91918,-79.02925
7590,35.91835,-79.02876
7592,35.91775,-79.02833
7594,35.91703,-79.02805
7596,35.91601,-79.02803
7598,35.91519,-79.02791
7601,35.91404,-79.0279
7604,35.91286,-79.02789
7606,35.91202,-79.02796
7609,35.91104,-79.02812
7611,35.91017,-79.02827
7614,35.90895,-79.02872
7616,35.9076,-79.02943
7618,35.90645,-79.03
7622,35.90505,-79.03088
7624,35.90437,-79.03139
7631,35.90353,-79.03289
7634,35.90308,-79.03345
7636,35.90211,-79.03449
7651,35.90084,-79.04021
7653,35.90103,-79.04104
7656,35.90133,-79.04192
7659,35.90151,-79.04312
7661,35.90173,-79.04411
7663,35.90185,-79.04497
7666,35.90236,-79.04607
7668,35.90289,-79.04692
7671,35.90358,-79.04793
7674,35.90381,-79.04851
7676,35.90361,-79.04984
7680,35.90437,-79.0509
7683,35.90503,-79.0515
7685,35.90592,-79.0518
7687,35.90686,-79.05234
7689,35.90787,-79.05248
7691,35.9086,-79.05272
7693,35.9095,-79.05284
7695,35.91021,-79.05302
7698,35.9121,-79.05266
7701,35.91317,-79.0526
7703,35.91362,-79.05259
7706,35.91433,-79.05266
7708,35.91509,-79.05256
7712,35.91621,-79.05222
7714,35.91672,-79.05198
7716,35.91769,-79.05144
7719,35.91843,-79.05102
7721,35.9193,-79.05041
7723,35.92025,-79.04977
7726,35.92117,-79.04944
7730,35.92214,-79.04948
7733,35.92335,-79.04938
7735,35.92412,-79.04941
7737,35.92661,-79.04891
7740,35.92759,-79.04938
7745,35.92417,-79.05231
7747,35.92626,-79.05339
7750,35.9276,-79.05382
7754,35.92786,-79.05517
7757,35.92786,-79.05564
7760,35.92678,-79.05663
7763,35.92605,-79.05729
7765,35.9252,-79.05805
7768,35.92424,-79.0589
7770,35.92338,-79.05972
7772,35.92277,-79.06055
7774,35.92246,-79.06121
7777,35.92196,-79.06224
7780,35.92159,-79.0629
7782,35.92102,-79.06354
7784,35.92025,-79.06412
7787,35.91889,-79.06483
7789,35.91801,-79.06514
7791,35.91664,-79.06547
7793,35.91538,-79.06554
7796,35.91423,-79.06531
7798,35.91281,-79.06496
7801,35.91193,-79.06441
7803,35.91179,-79.06341
7806,35.91143,-79.0625
7808,35.91136,-79.06164
7812,35.91249,-79.05964
7814,35.91347,-79.05815
7817,35.91336,-79.05767
7819,35.91343,-79.05727
7821,35.91379,-79.05681
7823,35.91429,-79.05645
7825,35.91491,-79.05617
7828,35.91576,-79.05598
7830,35.91686,-79.05582
7833,35.91801,-79.05594
7835,35.91892,-79.05607
7838,35.91952,-79.05669
7840,35.92029,-79.05714
7843,35.92156,-79.05791
7845,35.92161,-79.05881
7847,35.92154,-79.05979
7850,35.922,-79.06042
7852,35.92139,-79.06151
7856,35.92106,-79.0632
7858,35.92058,-79.06398
7861,35.92016,-79.06464
7863,35.9196,-79.06512
7865,35.91889,-79.06549
7867,35.91795,-79.06572
7870,35.91783,-79.06523
7872,35.91679,-79.0652
7875,35.91493,-79.065
7877,35.91352,-79.06467
7879,35.91259,-79.06423
7881,35.91179,-79.06334
7884,35.91173,-79.06199
7887,35.91339,-79.0596
7889,35.91373,-79.05866
7891,35.91409,-79.05734
7894,35.91442,-79.05589
7897,35.91431,-79.05508
7899,35.91431,-79.05387
7902,35.91434,-79.05291
7905,35.91449,-79.05141
7907,35.91462,-79.05064
7910,35.91468,-79.0494
7912,35.9147,-79.04848
7914,35.91473,-79.04751
7916,35.91478,-79.04668
7919,35.91457,-79.04569
7922,35.91511,-79.04402
7924,35.91527,-79.04307
7927,35.91559,-79.04164
7929,35.91578,-79.04043
7931,35.91598,-79.03927
7934,35.91626,-79.03824
7936,35.91634,-79.03714
7939,35.91733,-79.03528
7942,35.91782,-79.03386
7944,35.91806,-79.03263
7947,35.9182,-79.03116
7950,35.91833,-79.03025
7952,35.91853,-79.02932
7954,35.91836,-79.02857
7956,35.91814,-79.02748
7959,35.91807,-79.02654
7962,35.91799,-79.02526
7964,35.91797,-79.02429
7968,35.91937,-79.02191
7970,35.91957,-79.02085
7972,35.91953,-79.02012
7975,35.91945,-79.01896
7977,35.91931,-79.01818
7979,35.91927,-79.01728
7982,35.91868,-79.01626
7987,35.91908,-79.01402
7989,35.92009,-79.01269
7991,35.92009,-79.01189
7993,35.92063,-79.01124
7996,35.92277,-79.00978
7998,35.92373,-79.00918
8000,35.9248,-79.00829
8003,35.92576,-79.00738
8005,35.92634,-79.0067
8010,35.92693,-79.00535
8013,35.92755,-79.00423
8016,35.92819,-79.00337
8019,35.92906,-79.00222
8022,35.93063,-79.00071
8024,35.93178,-78.99937
8027,35.93235,-78.99859
8029,35.93351,-78.99727
8032,35.93392,-78.9966
8044,35.93711,-78.9918
8046,35.93571,-78.99139
8052,35.93476,-78.98853
8056,35.93356,-78.98694
8061,35.93044,-78.98564
8068,35.92582,-78.98357
8072,35.92291,-78.99213
8074,35.92358,-78.99271
8080,35.92208,-78.98897
8082,35.9234,-78.98817
8085,35.92184,-78.99736
8089,35.92186,-78.99999
8093,35.92313,-79.00142
8098,35.92251,-79.00365
8100,35.92772,-79.00281
8102,35.93029,-79.00255
8105,35.93047,-79.00365
8109,35.93143,-79.00462
8115,35.93437,-79.00492
8130,35.94103,-79.00194
8140,35.94387,-78.9975
8142,35.94445,-78.99617
8174,35.93394,-78.98678
8184,35.92924,-78.98835
8187,35.92818,-78.9893
8189,35.92605,-78.99041
8192,35.92431,-78.99284
8194,35.92083,-78.99293
8197,35.92706,-78.9896
8200,35.92846,-78.98929
8203,35.92651,-78.99549
8205,35.92604,-78.99773
8210,35.92653,-78.99974
8212,35.9273,-79.00078
8214,35.92787,-79.00164
8217,35.9286,-79.00251
8219,35.92928,-79.00334
8222,35.93055,-79.00386
8224,35.93166,-79.00437
8226,35.93299,-79.00432
8229,35.93375,-79.00463
8232,35.93479,-79.00497
8234,35.93583,-79.00484
8236,35.93688,-79.0046
8239,35.93819,-79.00396
8241,35.93917,-79.00354
8243,35.94023,-79.00274
8245,35.9411,-79.00212
8268,35.94176,-78.99238
8271,35.94124,-78.99149
8273,35.94083,-78.99027
8276,35.94006,-78.98894
8279,35.93916,-78.98814
8281,35.9379,-78.98756
8284,35.93688,-78.98704
8286,35.93565,-78.98688
8289,35.9339,-78.98682
8291,35.93269,-78.987
8293,35.93146,-78.98743
8295,35.93052,-78.98759
8298,35.93,-78.98778
8300,35.9289,-78.98811
8303,35.92817,-78.98912
8305,35.92749,-78.98991
8307,35.92671,-78.9909
8310,35.92627,-78.992
8312,35.92587,-78.99303
8314,35.92606,-78.99402
8316,35.92594,-78.99527
8319,35.92606,-78.99626
8321,35.92611,-78.99732
8323,35.9261,-78.99859
8325,35.92653,-78.99952
8328,35.92693,-79.00072
8330,35.92757,-79.00175
8332,35.92842,-79.00246
8335,35.92956,-79.00317
8337,35.93071,-79.00374
8340,35.93175,-79.0041
8342,35.93304,-79.00428
8344,35.93407,-79.00432
8347,35.93494,-79.00445
8349,35.93597,-79.00432
8351,35.93732,-79.00417
8353,35.93838,-79.00368
8356,35.9393,-79.00328
8358,35.94003,-79.0029
8361,35.94086,-79.00232
8363,35.94171,-79.00132
8366,35.94218,-79.00042
8368,35.94262,-78.99956
8370,35.94328,-78.99831
8373,35.9434,-78.99736
8375,35.94362,-78.99641
8378,35.94332,-78.99471
8380,35.94307,-78.99354
8383,35.94283,-78.99253
8385,35.94236,-78.99166
8387,35.94196,-78.9903
8390,35.94103,-78.98913
8393,35.93993,-78.98872
8397,35.93794,-78.9879
8399,35.93679,-78.9873
8402,35.93605,-78.98688
8404,35.93495,-78.98642
8414,35.92455,-78.98514
8417,35.92873,-78.98923
8420,35.92828,-78.98986
8423,35.92721,-78.9908
8426,35.92656,-78.99176
8428,35.92611,-78.99313
8431,35.92569,-78.99429
8434,35.9255,-78.99573
8436,35.92516,-78.99708
8442,35.92118,-79.00239
8445,35.92359,-79.00408
8448,35.92816,-79.00253
8451,35.93046,-79.00257
8453,35.93124,-79.00314
8456,35.9316,-79.00391
8476,35.94084,-79.00226
8478,35.94156,-79.00157
8481,35.94224,-79.00063
8484,35.94309,-78.99917
8487,35.94351,-78.99783
8490,35.94369,-78.99672
8492,35.94359,-78.99576
8494,35.94355,-78.99459
8496,35.94338,-78.9934
8498,35.94329,-78.99228
8500,35.9435,-78.99148
8524,35.93241,-78.98701
8526,35.93124,-78.9873
8530,35.9294,-78.9878
8532,35.92654,-78.98907
8536,35.92457,-78.99082
8542,35.92302,-78.98695
8556,35.92617,-78.99843
8558,35.9269,-79.00012
8561,35.92747,-79.00148
8564,35.92812,-79.00234
8566,35.92868,-79.00294
8568,35.92968,-79.00368
8570,35.9309,-79.00398
8573,35.93175,-79.00454
8585,35.93683,-79.00436
8588,35.93809,-79.004
8590,35.93931,-79.00334
8592,35.94043,-79.00271
8594,35.94176,-79.00143
8596,35.94261,-79.00045
8602,35.9439,-78.99777
8605,35.94441,-78.99666
8607,35.94445,-78.99561
8609,35.94442,-78.99422
8611,35.94445,-78.9932
8615,35.94354,-78.99162
8622,35.94051,-78.98941
8625,35.93977,-78.98887
8627,35.93851,-78.98801
8629,35.93734,-78.98749
8631,35.93691,-78.98719
8633,35.93585,-78.98674
8636,35.93485,-78.98643
8638,35.93416,-78.98646
8641,35.93237,-78.98662
8643,35.93132,-78.98701
8645,35.93036,-78.98737
8647,35.92961,-78.98767
8650,35.9287,-78.98878
8652,35.92773,-78.98968
8654,35.92689,-78.99073
8657,35.92555,-78.99132
8660,35.92388,-78.99328
8665,35.9197,-78.99211
8675,35.92143,-79.00394
8677,35.92309,-79.00459
8680,35.92565,-79.00403
8682,35.92962,-79.00265
8684,35.93085,-79.00284
8687,35.93199,-79.00355
8689,35.93271,-79.00389
8700,35.93714,-79.00432
8702,35.93872,-79.00361
8705,35.93972,-79.00306
8707,35.94072,-79.00252
8709,35.94134,-79.0018
8712,35.94158,-79.00116
8714,35.94194,-79.00046
8717,35.94245,-78.99944
8719,35.94308,-78.99821
8721,35.94329,-78.99721
8724,35.94312,-78.99604
8726,35.94285,-78.99498
8728,35.9427,-78.99402
8742,35.93913,-78.98797
8745,35.93812,-78.98748
8747,35.9369,-78.98693
8750,35.93566,-78.98671
8752,35.93433,-78.98668
8755,35.93283,-78.98677
8758,35.93162,-78.98707
8760,35.93071,-78.98732
8766,35.92504,-78.98996
8769,35.92433,-78.9916
8775,35.92375,-78.98742
8779,35.92299,-78.99017
8782,35.92653,-78.99632
8786,35.9259,-79.00118
8790,35.92709,-78.99988
8792,35.92761,-79.00066
8794,35.92802,-79.00151
8796,35.92895,-79.00243
8799,35.93006,-79.00315
8801,35.93115,-79.00336
8804,35.93222,-79.00396
8806,35.93309,-79.00431
8808,35.93381,-79.00458
8810,35.93488,-79.00463
8812,35.93605,-79.00445
8815,35.93691,-79.00426
8817,35.93826,-79.00383
8820,35.9394,-79.00323
8822,35.94015,-79.00278
8824,35.94093,-79.00218
8827,35.9418,-79.00119
8829,35.94264,-79.00001
8832,35.94349,-78.99879
8835,35.94387,-78.99754
8837,35.9441,-78.99643
8839,35.94369,-78.9957
8842,35.94349,-78.99461
8844,35.94331,-78.99364
8847,35.94284,-78.99271
8849,35.94242,-78.99106
8852,35.94193,-78.99023
8854,35.94061,-78.98897
8857,35.93963,-78.98825
8859,35.93893,-78.98783
8862,35.93788,-78.98726
8864,35.9367,-78.98664
8866,35.93538,-78.9864
8869,35.93428,-78.98612
8871,35.9329,-78.98657
8874,35.93202,-78.98682
8879,35.92956,-78.98812
8881,35.92882,-78.98929
8884,35.92797,-78.98992
8886,35.92726,-78.9906
8888,35.92664,-78.99148
8891,35.92631,-78.99271
8894,35.92597,-78.99396
8896,35.92586,-78.99544
8898,35.92621,-78.99642
8901,35.92672,-78.9976
8903,35.92717,-78.99864
8908,35.92488,-79.00033
8922,35.93189,-79.00515
8924,35.93277,-79.00622
8927,35.93326,-79.0072
8930,35.93339,-79.00806
8933,35.93365,-79.00988
8935,35.93373,-79.01034
8948,35.93749,-79.01474
8951,35.93843,-79.01548
8953,35.93903,-79.01603
8956,35.93984,-79.01675
8958,35.9404,-79.01753
8960,35.94096,-79.01831
8963,35.94173,-79.01919
8965,35.94241,-79.01987
8968,35.94316,-79.02065
8970,35.94372,-79.02139
8973,35.94442,-79.02225
8975,35.94481,-79.02326
8977,35.94505,-79.02418
8979,35.94506,-79.02492
8982,35.94501,-79.02612
8984,35.94485,-79.02698
8986,35.94458,-79.02775
8988,35.9444,-79.02922
8991,35.94478,-79.03013
8993,35.94466,-79.03113
8996,35.9443,-79.03238
8998,35.94418,-79.03307
9000,35.94426,-79.03446
9003,35.94427,-79.03555
9006,35.94462,-79.0365
9009,35.9447,-79.03724
9011,35.94441,-79.03861
9013,35.94432,-79.03933
9015,35.94436,-79.0404
9018,35.94419,-79.04143
9020,35.94371,-79.04211
9023,35.94277,-79.0429
9026,35.94149,-79.04334
9028,35.94034,-79.04343
9031,35.93869,-79.04337
9033,35.93805,-79.04304
9035,35.93725,-79.04274
9038,35.93641,-79.04209
9040,35.93551,-79.04171
9042,35.93478,-79.04141
9044,35.93395,-79.04115
9047,35.93229,-79.04152
9049,35.93137,-79.04178
9052,35.92987,-79.04225
9055,35.92886,-79.04235
9057,35.92771,-79.04264
9059,35.92678,-79.04277
9061,35.92577,-79.04297
9064,35.92454,-79.04314
9067,35.92382,-79.04314
9069,35.92262,-79.04333
9072,35.92139,-79.04362
9075,35.91997,-79.04388
9077,35.91901,-79.04401
9079,35.91777,-79.0442
9082,35.91661,-79.04438
9084,35.91559,-79.04452
9086,35.91438,-79.04475
9089,35.91299,-79.04499
9091,35.91191,-79.04509
9094,35.91072,-79.04528
9096,35.90966,-79.0454
9105,35.90473,-79.04627
9108,35.90355,-79.04647
9110,35.90273,-79.04652
9112,35.90182,-79.04659
9115,35.90041,-79.04684
9117,35.89919,-79.04702
9120,35.89847,-79.04719
9130,35.89334,-79.04769
9133,35.89228,-79.04784
9135,35.89049,-79.04821
9138,35.88914,-79.04851
9141,35.88752,-79.04886
9143,35.88648,-79.04901
9146,35.88556,-79.04912
9148,35.88457,-79.04914
9161,35.88003,-79.04558
9163,35.87965,-79.04441
9166,35.8797,-79.04336
9169,35.87991,-79.04251
9171,35.88041,-79.0414
9174,35.88076,-79.04019
9176,35.88104,-79.03927
9179,35.88116,-79.03856
9181,35.88129,-79.03767
9185,35.88161,-79.03599
9187,35.88189,-79.03498
9190,35.88212,-79.03385
9192,35.88224,-79.03277
9195,35.88233,-79.03193
9197,35.88248,-79.03102
9199,35.88264,-79.03017
9202,35.8829,-79.02908
9205,35.88316,-79.02801
9207,35.88343,-79.02724
9210,35.88355,-79.02644
9213,35.8836,-79.02514
9215,35.88335,-79.02438
9217,35.88312,-79.02334
9220,35.88222,-79.0227
9222,35.88153,-79.02202
9238,35.87605,-79.02412
9242,35.87518,-79.02541
9244,35.87457,-79.02625
9246,35.87444,-79.0269
9249,35.87412,-79.02786
9251,35.87395,-79.02875
9253,35.87376,-79.02945
9259,35.87352,-79.0318
9261,35.87344,-79.03296
9264,35.87385,-79.03381
9266,35.87411,-79.03464
9269,35.87473,-79.03564
9271,35.87528,-79.03634
9273,35.87578,-79.03699
9275,35.87658,-79.03744
9278,35.87749,-79.03776
9281,35.87906,-79.03754
9283,35.87986,-79.03721
9286,35.88086,-79.03647
9288,35.88187,-79.03591
9290,35.88235,-79.03578
9293,35.88327,-79.0356
9295,35.88375,-79.03546
9297,35.88475,-79.03501
9300,35.88631,-79.03441
9302,35.88664,-79.03431
9314,35.89146,-79.03237
9317,35.89206,-79.03216
9319,35.89342,-79.03163
9321,35.89399,-79.03137
9324,35.89474,-79.03109
9327,35.89609,-79.03053
9330,35.89757,-79.02997
9332,35.89873,-79.02943
9334,35.89963,-79.02903
9337,35.90039,-79.02878
9339,35.9013,-79.02844
9341,35.90198,-79.02826
9343,35.90272,-79.02799
9346,35.90358,-79.02766
9348,35.90434,-79.02733
9350,35.90509,-79.02701
9352,35.90615,-79.02659
9355,35.90713,-79.02622
9357,35.90793,-79.02593
9359,35.90879,-79.02553
9362,35.9097,-79.02519
9365,35.91059,-79.02483
9368,35.91181,-79.02444
9370,35.91264,-79.02407
9373,35.9135,-79.02377
9376,35.91474,-79.02324
9378,35.91557,-79.02289
9381,35.91666,-79.02247
9383,35.9175,-79.02212
9385,35.91834,-79.02176
9388,35.9192,-79.0215
9390,35.9202,-79.0211
9393,35.92103,-79.0208
9395,35.92212,-79.02033
9397,35.92297,-79.02003
9400,35.92381,-79.01964
9402,35.92471,-79.01931
9405,35.92535,-79.0191
9408,35.92635,-79.01873
9410,35.92727,-79.01821
9413,35.92777,-79.01762
9415,35.92811,-79.01687
9417,35.92831,-79.01606
9419,35.92837,-79.01503
9422,35.92787,-79.01395
9424,35.92757,-79.01307
9426,35.9271,-79.0127
9429,35.92625,-79.01192
9431,35.92529,-79.01164
9433,35.92399,-79.01166
9436,35.92318,-79.01163
9438,35.92197,-79.01157
9441,35.92129,-79.01153
9443,35.92034,-79.01154
9446,35.91933,-79.01173
9448,35.91847,-79.01202
9451,35.91748,-79.01235
9453,35.91646,-79.01275
9456,35.91573,-79.01331
9458,35.91499,-79.01387
9461,35.91423,-79.01462
9465,35.91311,-79.01595
9467,35.91273,-79.01679
9469,35.91233,-79.01763
9472,35.91205,-79.01868
9474,35.91172,-79.01951
9477,35.91157,-79.02066
9479,35.91179,-79.0216
9482,35.91194,-79.02259
9484,35.91209,-79.0234
9487,35.91235,-79.02459
9489,35.91275,-79.02527
9491,35.91334,-79.02606
9494,35.9141,-79.02674
9497,35.91498,-79.02755
9499,35.9156,-79.02809
9501,35.91662,-79.02849
9503,35.91764,-79.02875
9506,35.91873,-79.02911
9508,35.91922,-79.02949
9511,35.91996,-79.02976
9513,35.92099,-79.02972
9516,35.92211,-79.02957
9518,35.92318,-79.02946
9521,35.92377,-79.02935
9524,35.92483,-79.02903
9527,35.92574,-79.0286
9529,35.92646,-79.0281
9532,35.92757,-79.02708
9534,35.92819,-79.0265
9536,35.92863,-79.02587
9539,35.92901,-79.02518
9541,35.92924,-79.02457
9543,35.92952,-79.02358
9546,35.92973,-79.02296
9548,35.92989,-79.02212
9550,35.93014,-79.02118
9552,35.93016,-79.02023
9555,35.93021,-79.01919
9558,35.9301,-79.01802
9560,35.92997,-79.01726
9563,35.92932,-79.01632
9565,35.92891,-79.01527
9567,35.92821,-79.01475
9570,35.92767,-79.0141
9572,35.9268,-79.01351
9574,35.92589,-79.01304
9577,35.92495,-79.01262
9580,35.9232,-79.0123
9582,35.92182,-79.01255
9585,35.91967,-79.01278
9592,35.91931,-79.01202
9594,35.91872,-79.01216
9596,35.91784,-79.01282
9598,35.91731,-79.01371
9600,35.91699,-79.01447
9603,35.91714,-79.01539
9605,35.91703,-79.01663
9608,35.91727,-79.01783
9610,35.91767,-79.01855
9613,35.9185,-79.01987
9616,35.91875,-79.02054
9618,35.91925,-79.02117
9621,35.9201,-79.02138
9623,35.92139,-79.0213
9626,35.92347,-79.02106
9628,35.92527,-79.02077
9631,35.9263,-79.02095
9633,35.92716,-79.02122
9636,35.92799,-79.02142
9638,35.92934,-79.0216
9641,35.93045,-79.02177
9643,35.93104,-79.02214
9645,35.93181,-79.02241
9648,35.93246,-79.0227
9650,35.93364,-79.02286
9653,35.93482,-79.02294
9655,35.93583,-79.02309
9657,35.9369,-79.02338
9660,35.93777,-79.02354
9662,35.93849,-79.02377
9665,35.93958,-79.02428
9668,35.94078,-79.02455
9671,35.94217,-79.02462
9673,35.94304,-79.02482
9676,35.94426,-79.02498
9678,35.94492,-79.02528
9682,35.94644,-79.0261
9684,35.94712,-79.02674
9686,35.94795,-79.02759
9689,35.94824,-79.02848
9691,35.94818,-79.02928
9693,35.9478,-79.0305
9695,35.94742,-79.03149
9698,35.94692,-79.03248
9700,35.94635,-79.0333
9703,35.94537,-79.0343
9707,35.94522,-79.03583
9709,35.94505,-79.0372
9711,35.94464,-79.03785
9714,35.94448,-79.03876
9716,35.94434,-79.0397
9718,35.94406,-79.0404
9720,35.94335,-79.04126
9723,35.94253,-79.0417
9725,35.94187,-79.04193
9727,35.94046,-79.04207
9730,35.93908,-79.04204
9732,35.9381,-79.04192
9734,35.9371,-79.04178
9737,35.93611,-79.04133
9739,35.93554,-79.04096
9741,35.93502,-79.04061
9744,35.93387,-79.04037
9746,35.93268,-79.04047
9748,35.93203,-79.04061
9751,35.93058,-79.04088
9753,35.92949,-79.04118
9756,35.92827,-79.04142
9758,35.92733,-79.04156
9760,35.92602,-79.04181
9763,35.92525,-79.04195
9766,35.92363,-79.04208
9768,35.92257,-79.0422
9771,35.92137,-79.0424
9773,35.9203,-79.04259
9775,35.9191,-79.04283
9778,35.91763,-79.0431
9781,35.91615,-79.04333
9784,35.91492,-79.04357
9786,35.91396,-79.04373
9788,35.91256,-79.04404
9791,35.91048,-79.04462
9793,35.90964,-79.04481
9795,35.90854,-79.04497
9798,35.90833,-79.04458
9801,35.90701,-79.04468
9804,35.90601,-79.04486
9806,35.90477,-79.04503
9808,35.90376,-79.04519
9811,35.90282,-79.04535
9813,35.90119,-79.04565
9825,35.89553,-79.04658
9828,35.89417,-79.04679
9830,35.89292,-79.04701
9833,35.89235,-79.04705
9835,35.89065,-79.04734
9838,35.88926,-79.04751
9841,35.88819,-79.04767
9843,35.88728,-79.04786
9845,35.88587,-79.04811
9848,35.88493,-79.04825
9850,35.88391,-79.04834
9852,35.88295,-79.04816
9854,35.88189,-79.048
9856,35.88085,-79.04741
9860,35.8796,-79.04599
9863,35.87905,-79.04491
9865,35.87898,-79.0439
9868,35.8793,-79.0428
9871,35.87984,-79.04176
9873,35.88063,-79.04112
9875,35.88129,-79.04053
9877,35.88236,-79.03995
9879,35.88333,-79.03982
9882,35.8843,-79.0395
9884,35.88472,-79.03936
9887,35.88566,-79.03892
9889,35.88669,-79.03844
9892,35.88787,-79.03795
9894,35.88872,-79.03767
9896,35.88968,-79.03729
9898,35.89062,-79.03693
9901,35.89132,-79.03663
9903,35.89204,-79.0363
9906,35.89304,-79.03587
9908,35.89391,-79.03554
9911,35.89468,-79.03527
9914,35.89615,-79.03469
9916,35.89698,-79.03431
9919,35.89809,-79.03381
9922,35.89914,-79.0334
9924,35.89951,-79.03336
9926,35.90059,-79.03295
9929,35.90165,-79.03251
9932,35.90278,-79.03208
9934,35.90357,-79.0318
9936,35.90404,-79.03169
9939,35.90454,-79.03154
9941,35.90545,-79.03122
9944,35.90626,-79.0309
9946,35.9073,-79.03049
9949,35.90885,-79.02978
9951,35.9097,-79.0294
9954,35.91056,-79.0291
9956,35.91138,-79.02877
9958,35.91209,-79.02849
9961,35.91321,-79.02804
9963,35.91398,-79.02769
9965,35.91512,-79.02727
9967,35.916,-79.02693
9969,35.91677,-79.02659
9972,35.91754,-79.0263
9974,35.91838,-79.02596
9977,35.9192,-79.02566
9979,35.92002,-79.02535
9982,35.92115,-79.02494
9984,35.92184,-79.02466
9987,35.92299,-79.02415
9989,35.9239,-79.02374
9991,35.92475,-79.02339
9994,35.92555,-79.02309
9996,35.92656,-79.02242
9999,35.92729,-79.02175
10002,35.92774,-79.02089
10004,35.92775,-79.01991
10006,35.92774,-79.0189
10009,35.92733,-79.0181
10011,35.92691,-79.01741
10013,35.92595,-79.01666
10016,35.92506,-79.01604
10019,35.92396,-79.01604
10021,35.92257,-79.01613
10023,35.92153,-79.01623
10026,35.92049,-79.01613
10028,35.91976,-79.01621
10030,35.91902,-79.01627
10032,35.91826,-79.01636
10035,35.91726,-79.01662
10037,35.91644,-79.01686
10039,35.91566,-79.01724
10042,35.91479,-79.01776
10044,35.91396,-79.01842
10047,35.91326,-79.01908
10049,35.91275,-79.01974
10051,35.91238,-79.02031
10053,35.91178,-79.02132
10056,35.91139,-79.02221
10059,35.9111,-79.02328
10061,35.91124,-79.02402
10063,35.91117,-79.02483
10065,35.91128,-79.02573
10067,35.91128,-79.02676
10070,35.91139,-79.02775
10072,35.91172,-79.02859
10075,35.91212,-79.02927
10077,35.91286,-79.03026
10079,35.91341,-79.03087
10082,35.91409,-79.03155
10084,35.91453,-79.03206
10086,35.91506,-79.03275
10088,35.91573,-79.03319
10091,35.91642,-79.03377
10093,35.91767,-79.03378
10096,35.91868,-79.03407
10098,35.91949,-79.03413
10100,35.92025,-79.03422
10102,35.92105,-79.03422
10104,35.92186,-79.03406
10106,35.92274,-79.0339
10109,35.92365,-79.03357
10112,35.92449,-79.03323
10114,35.925,-79.03288
10116,35.9256,-79.03246
10119,35.92649,-79.0316
10121,35.92704,-79.03094
10124,35.9277,-79.03015
10126,35.92811,-79.02944
10129,35.92851,-79.02852
10131,35.92871,-79.02782
10133,35.92889,-79.027
10136,35.92909,-79.02596
10138,35.9293,-79.02505
10140,35.92926,-79.02402
10143,35.92888,-79.02327
10145,35.92861,-79.02247
10148,35.92847,-79.02154
10150,35.92804,-79.0209
10152,35.92779,-79.01999
10154,35.92746,-79.01899
10159,35.92605,-79.01775
10162,35.92511,-79.0171
10164,35.92429,-79.01675
10166,35.92339,-79.01646
10168,35.92256,-79.01627
10171,35.92159,-79.01614
10173,35.92077,-79.01616
10175,35.91981,-79.01614
10177,35.91905,-79.01615
10179,35.91811,-79.01634
10182,35.91697,-79.01673
10184,35.91597,-79.01716
10187,35.9146,-79.01788
10189,35.91419,-79.01831
10192,35.91361,-79.0188
10194,35.91287,-79.01966
10197,35.91219,-79.02064
10199,35.91165,-79.02148
10202,35.9113,-79.02228
10204,35.91108,-79.02299
10206,35.91068,-79.02403
10208,35.91092,-79.02479
10211,35.91103,-79.02582
10213,35.91112,-79.02662
10215,35.91142,-79.02737
10217,35.9115,-79.02833
10220,35.91199,-79.02931
10222,35.91249,-79.02992
10224,35.91303,-79.03068
10227,35.91387,-79.03128
10229,35.91466,-79.03183
10231,35.91533,-79.03252
10235,35.91645,-79.03317
10237,35.91731,-79.03353
10240,35.91852,-79.03379
10242,35.9195,-79.03391
10245,35.92005,-79.0342
10247,35.92101,-79.03425
10250,35.922,-79.03402
10253,35.92343,-79.03357
10255,35.9242,-79.03327
10257,35.9248,-79.03301
10259,35.92532,-79.03274
10262,35.92586,-79.03237
10264,35.92647,-79.03173
10266,35.92722,-79.03095
10269,35.92782,-79.03017
10271,35.92817,-79.02952
10273,35.92843,-79.02892
10275,35.92862,-79.02828
10278,35.9289,-79.0273
10281,35.9291,-79.02621
10283,35.92925,-79.02536
10285,35.92917,-79.02464
10288,35.92892,-79.02357
10290,35.9286,-79.0228
10292,35.92847,-79.02206
10295,35.92788,-79.02128
10297,35.92762,-79.02041
10299,35.92713,-79.0195
10302,35.92652,-79.01873
10304,35.9258,-79.01827
10307,35.92526,-79.01775
10309,35.92424,-79.0171
10311,35.92349,-79.01673
10313,35.92247,-79.01654
10316,35.92163,-79.0165
10318,35.92079,-79.01641
10321,35.91907,-79.01647
10323,35.91846,-79.01642
10326,35.91779,-79.01649
10329,35.91663,-79.01675
10331,35.91562,-79.01733
10333,35.91505,-79.01763
10335,35.91416,-79.01833
10337,35.91356,-79.01892
10340,35.913,-79.01956
10342,35.91244,-79.02032
10344,35.91192,-79.02122
10347,35.91152,-79.02219
10349,35.91126,-79.02306
10352,35.91104,-79.02392
10354,35.91096,-79.02483
10356,35.91101,-79.02577
10359,35.91119,-79.02705
10362,35.91136,-79.02795
10364,35.91181,-79.02883
10366,35.91219,-79.02965
10368,35.91265,-79.03032
10371,35.9132,-79.03133
10374,35.91391,-79.03189
10376,35.91461,-79.03249
10378,35.91549,-79.03298
10381,35.91611,-79.03342
10383,35.91699,-79.03388
10386,35.91777,-79.0342
10388,35.9186,-79.03435
10390,35.91942,-79.03448
10393,35.92041,-79.03443
10395,35.92138,-79.03432
10397,35.92214,-79.03415
10400,35.92308,-79.0339
10402,35.92381,-79.03355
10404,35.92459,-79.03313
10407,35.92557,-79.0326
10409,35.92614,-79.03207
10412,35.92688,-79.03122
10414,35.92729,-79.03049
10417,35.92769,-79.0298
10419,35.92797,-79.02912
10421,35.92831,-79.02843
10423,35.92875,-79.02752
10426,35.92887,-79.02686
10428,35.92913,-79.02569
10430,35.92909,-79.02463
10433,35.9289,-79.02383
10436,35.92845,-79.02289
10438,35.92822,-79.02201
10440,35.92787,-79.02131
10443,35.92748,-79.02038
10445,35.92697,-79.01971
10448,35.92647,-79.01913
10450,35.92539,-79.01829
10453,35.92434,-79.01766
10456,35.92337,-79.01713
10459,35.92232,-79.01681
10461,35.92131,-79.01652
10463,35.92048,-79.0165
10465,35.91944,-79.01644
10468,35.91872,-79.0164
10470,35.91802,-79.01651
10472,35.91707,-79.01675
10475,35.91604,-79.0171
10477,35.91508,-79.01745
10479,35.91438,-79.01806
10481,35.91376,-79.0186
10483,35.91317,-79.01919
10486,35.91259,-79.01991
10488,35.91219,-79.0208
10490,35.91203,-79.02135
10493,35.912,-79.02274
10495,35.91218,-79.0239
10498,35.9126,-79.02482
10501,35.91303,-79.02624
10503,35.91327,-79.02706
10505,35.91323,-79.02804
10508,35.91341,-79.0292
10510,35.91378,-79.03015
10513,35.91448,-79.03104
10515,35.91533,-79.03152
10518,35.9163,-79.03195
10521,35.91738,-79.03199
10523,35.91848,-79.03189
10526,35.91944,-79.0313
10528,35.92041,-79.03064
10530,35.92104,-79.02981
10533,35.92148,-79.02878
10535,35.92179,-79.02769
10537,35.92175,-79.02676
10540,35.9217,-79.02582
10543,35.92149,-79.02478
10545,35.92075,-79.02379
10548,35.92018,-79.023
10550,35.9194,-79.02248
10552,35.91843,-79.02202
10555,35.91715,-79.02151
10557,35.91592,-79.02222
10560,35.91505,-79.02256
10562,35.91426,-79.02325
10564,35.9135,-79.02383
10566,35.91294,-79.02443
10568,35.91228,-79.02517
10570,35.91199,-79.02604
10572,35.91177,-79.02689
10574,35.91164,-79.02774
10576,35.91134,-79.0286
10579,35.91065,-79.02963
10582,35.90963,-79.03052
10584,35.90876,-79.03095
10587,35.90791,-79.03144
10589,35.90718,-79.03181
10591,35.90616,-79.03226
10594,35.90519,-79.03268
10596,35.90413,-79.0331
10598,35.90358,-79.03338
10601,35.90239,-79.03372
10604,35.90151,-79.03365
10606,35.90021,-79.03343
10608,35.89911,-79.0328
10611,35.89823,-79.03207
10614,35.89804,-79.0314
10616,35.89749,-79.02988
10618,35.89763,-79.02888
10620,35.8978,-79.02807
10623,35.89784,-79.02704
10625,35.89797,-79.02598
10628,35.89797,-79.02492
10630,35.89784,-79.02395
10633,35.89747,-79.02293
10635,35.89736,-79.02191
10638,35.89705,-79.02096
10640,35.89707,-79.02003
10642,35.89734,-79.01913
10644,35.89782,-79.0183
10647,35.89835,-79.01749
10649,35.8992,-79.017
10651,35.90012,-79.01667
10653,35.90116,-79.01655
10655,35.9022,-79.01662
10658,35.90328,-79.01707
10660,35.90408,-79.01762
10663,35.90476,-79.01824
10665,35.90523,-79.01916
10668,35.90622,-79.01978
10670,35.90712,-79.0201
10673,35.90831,-79.02036
10675,35.90915,-79.02058
10678,35.90998,-79.02087
10680,35.91105,-79.02149
10683,35.91187,-79.02179
10685,35.91305,-79.0223
10687,35.91379,-79.02263
10690,35.9145,-79.02312
10692,35.91522,-79.02355
10695,35.91607,-79.02389
10697,35.91729,-79.02437
10699,35.91812,-79.02467
10702,35.91898,-79.02504
10704,35.92017,-79.02551
10707,35.92116,-79.02576
10709,35.92218,-79.02595
10711,35.92304,-79.02604
10714,35.92399,-79.02624
10716,35.92488,-79.02638
10718,35.92564,-79.02666
10720,35.92636,-79.02682
10723,35.92729,-79.02698
10725,35.92846,-79.0271
10727,35.92936,-79.02711
10729,35.93024,-79.02727
10732,35.93134,-79.02751
10735,35.93233,-79.02772
10737,35.93336,-79.02788
10740,35.93437,-79.02805
10742,35.93533,-79.0282
10745,35.9363,-79.02845
10747,35.93733,-79.02859
10750,35.93822,-79.02876
10752,35.93926,-79.02896
10755,35.94022,-79.02909
10757,35.9412,-79.02895
10760,35.94233,-79.02848
10762,35.94326,-79.0279
10765,35.94408,-79.02691
10767,35.94455,-79.02562
10769,35.94471,-79.0247
10772,35.94455,-79.02392
10774,35.944,-79.02274
10776,35.94338,-79.02205
10779,35.94302,-79.02106
10781,35.94248,-79.02014
10784,35.94224,-79.0194
10786,35.9422,-79.01852
10788,35.94212,-79.0175
10790,35.94207,-79.01658
10793,35.94192,-79.01542
10795,35.94165,-79.01462
10797,35.94131,-79.01373
10800,35.941,-79.01291
10802,35.93933,-79.01189
10805,35.9382,-79.01135
10807,35.9375,-79.01066
10812,35.93516,-79.01224
10814,35.93438,-79.01313
10816,35.93395,-79.01392
10819,35.93319,-79.01492
10821,35.93277,-79.01551
10824,35.93232,-79.01623
10826,35.93161,-79.01704
10828,35.931,-79.01771
10831,35.92998,-79.01855
10834,35.92925,-79.01914
10836,35.92826,-79.01976
10839,35.92732,-79.02051
10841,35.92646,-79.02115
10844,35.92547,-79.02189
10846,35.92481,-79.02248
10849,35.92389,-79.02324
10851,35.9231,-79.02388
10853,35.92239,-79.02438
10856,35.92142,-79.02515
10859,35.92079,-79.02578
10861,35.9198,-79.02633
10864,35.91863,-79.02674
10866,35.91766,-79.02709
10868,35.91686,-79.02749
10871,35.91596,-79.02786
10873,35.91497,-79.0284
10876,35.91395,-79.02909
10878,35.91301,-79.02947
10880,35.9121,-79.02956
10883,35.91084,-79.0294
10885,35.90981,-79.02899
10888,35.90886,-79.02833
10890,35.90827,-79.02748
10892,35.9079,-79.02672
10894,35.90782,-79.02571
10896,35.90786,-79.02487
10899,35.90795,-79.02405
10901,35.90834,-79.02312
10903,35.90894,-79.02239
10905,35.90977,-79.0218
10908,35.91037,-79.02128
10910,35.911,-79.02077
10912,35.91191,-79.01996
10915,35.91264,-79.01905
10918,35.9135,-79.0181
10921,35.91413,-79.01745
10923,35.91486,-79.01666
10925,35.91531,-79.01617
10928,35.91592,-79.01546
10930,35.91659,-79.01473
10932,35.91716,-79.01411
10934,35.91774,-79.0135
10936,35.91827,-79.01293
10939,35.91883,-79.01233
10941,35.9194,-79.01167
10943,35.92004,-79.01097
10945,35.92057,-79.01044
10948,35.92129,-79.00975
10950,35.92185,-79.00914
10952,35.92244,-79.00851
10954,35.92311,-79.00785
10957,35.92368,-79.00737
10959,35.92426,-79.00636
10961,35.92445,-79.00561
10964,35.92438,-79.00485
10966,35.92392,-79.00373
10969,35.92343,-79.00291
10971,35.92287,-79.00208
10973,35.92199,-79.00159
10979,35.91985,-79.00136
10981,35.91894,-79.00156
10984,35.91811,-79.00179
10986,35.91708,-79.00221
10988,35.9165,-79.00243
10991,35.91578,-79.00293
10993,35.9149,-79.00348
10995,35.9139,-79.00383
10997,35.91279,-79.0039
10999,35.91185,-79.00374
11002,35.91106,-79.00299
11005,35.91,-79.00197
11007,35.90936,-79.00114
11009,35.90912,-79.00028
11012,35.90896,-78.99946
11014,35.9094,-78.99839
11016,35.91032,-78.99733
11019,35.911,-78.9965
11021,35.9119,-78.99599
11024,35.91278,-78.99573
11026,35.91402,-78.99566
11029,35.91513,-78.9957
11031,35.91604,-78.99565
11034,35.9171,-78.9956
11037,35.91816,-78.99555
11039,35.91888,-78.99558
11042,35.91993,-78.99561
11044,35.92073,-78.99563
11046,35.92179,-78.99549
11049,35.92282,-78.99541
11052,35.92391,-78.99534
11054,35.92464,-78.99525
11056,35.926,-78.99503
11059,35.92723,-78.99486
11062,35.9282,-78.99496
11064,35.92903,-78.99479
11067,35.93014,-78.99476
11069,35.93109,-78.99466
11072,35.93174,-78.99493
11074,35.93273,-78.99481
11077,35.93409,-78.99462
11079,35.93498,-78.99446
11082,35.9361,-78.99435
11084,35.93721,-78.99434
11087,35.93806,-78.99426
11089,35.93885,-78.9942
11091,35.9397,-78.99431
11094,35.94081,-78.99431
11096,35.94167,-78.99431
11099,35.94257,-78.99423
11101,35.94361,-78.99411
11104,35.94471,-78.99396
11106,35.94552,-78.99391
11108,35.94626,-78.9939
11110,35.94709,-78.9939
11113,35.94831,-78.99377
11116,35.94957,-78.99331
11118,35.95018,-78.99275
11120,35.95039,-78.99242
11123,35.9509,-78.99137
11125,35.95108,-78.99017
11127,35.95131,-78.98929
11130,35.95085,-78.98818
11133,35.94977,-78.98717
11135,35.9491,-78.98641
11138,35.94684,-78.9869
11141,35.94741,-78.9851
11183,35.93091,-78.98343
11197,35.92413,-78.98363
11200,35.92352,-78.98334
11202,35.92239,-78.98338
11204,35.92139,-78.98335
11207,35.9201,-78.98339
11209,35.91909,-78.98333
11211,35.91839,-78.98314
11214,35.91742,-78.983
11216,35.9165,-78.98294
11220,35.91459,-78.9829
11222,35.91382,-78.98279
11225,35.91288,-78.98266
11227,35.91204,-78.98259
11229,35.91104,-78.98255
11231,35.90964,-78.98273
11234,35.90868,-78.98276
11236,35.90749,-78.98276
11239,35.90651,-78.98258
11241,35.90539,-78.9825
11243,35.90469,-78.9825
11246,35.90341,-78.98255
11250,35.90217,-78.98298
11252,35.90136,-78.98373
11255,35.90037,-78.98495
11257,35.90001,-78.98611
11260,35.89987,-78.98717
11263,35.90019,-78.9883
11265,35.90054,-78.98946
11269,35.9015,-78.99077
11271,35.90222,-78.99142
11274,35.90317,-78.9916
11277,35.90444,-78.99164
11279,35.90529,-78.99153
11282,35.90656,-78.99116
11285,35.90772,-78.99089
11287,35.90872,-78.99078
11289,35.90958,-78.9907
11291,35.91071,-78.99061
11294,35.9117,-78.99058
11296,35.91261,-78.99055
11298,35.91356,-78.99063
11300,35.91428,-78.99075
11303,35.91494,-78.99075
11305,35.91606,-78.99087
11307,35.91698,-78.99081
11309,35.91789,-78.99084
11311,35.91875,-78.99084
11315,35.92004,-78.99099
11317,35.92075,-78.99115
11319,35.9215,-78.99122
11322,35.92299,-78.99118
11324,35.92401,-78.99113
11326,35.9249,-78.991
11329,35.92593,-78.991
11332,35.92677,-78.9911
11334,35.92799,-78.9911
11337,35.92893,-78.99115
11339,35.92966,-78.9913
11341,35.93061,-78.9913
11343,35.93137,-78.99131
11346,35.93217,-78.99145
11361,35.93808,-78.99174
11367,35.94177,-78.98984
11387,35.93979,-78.98344
11389,35.93952,-78.98259
11392,35.93924,-78.9818
11394,35.93879,-78.98097
11396,35.9385,-78.97999
11398,35.93822,-78.9792
11401,35.93826,-78.97816
11403,35.93853,-78.97732
11406,35.93868,-78.97674
11409,35.94024,-78.97594
11447,35.95885,-78.97188
11451,35.96334,-78.97186
11474,35.95222,-78.98409
11476,35.95124,-78.98392
11478,35.95067,-78.98357
11480,35.94992,-78.98352
11483,35.94969,-78.98329
11485,35.94938,-78.98306
11487,35.94889,-78.98279
11489,35.94749,-78.98305
11492,35.94638,-78.98301
11494,35.94521,-78.98323
11496,35.94434,-78.98333
11499,35.94303,-78.98344
11501,35.94191,-78.9835
11504,35.94105,-78.9835
11506,35.94024,-78.98345
11508,35.93944,-78.98338
11511,35.93823,-78.9835
11514,35.93674,-78.98366
11516,35.93572,-78.98381
11518,35.93444,-78.98406
11521,35.93398,-78.98394
11523,35.93284,-78.98392
11525,35.93235,-78.9839
11527,35.93127,-78.98388
11529,35.93042,-78.98385
11532,35.9295,-78.98389
11535,35.92857,-78.9837
11537,35.92786,-78.98371
11539,35.92694,-78.98376
11541,35.92603,-78.98369
11543,35.92508,-78.98367
11546,35.92401,-78.98376
11548,35.92299,-78.98386
11550,35.92199,-78.98397
11553,35.92114,-78.98403
11555,35.91993,-78.98411
11557,35.91909,-78.98419
11560,35.91789,-78.98423
11562,35.91715,-78.98417
11565,35.91589,-78.9842
11567,35.91487,-78.98408
11570,35.91399,-78.98363
11572,35.91261,-78.9829
11575,35.91255,-78.98176
11577,35.91231,-78.98068
11579,35.91243,-78.97975
11581,35.91237,-78.97901
11585,35.9139,-78.97751
11587,35.91397,-78.97723
11590,35.91465,-78.97681
11592,35.91583,-78.97667
11594,35.91701,-78.97664
11597,35.91818,-78.97662
11690,35.95338,-78.97946
11695,35.95657,-78.97826
11697,35.95753,-78.97787
11702,35.95785,-78.97713
11704,35.95879,-78.97588
11710,35.95876,-78.97311
11713,35.95747,-78.97274
11733,35.9484,-78.97086
11736,35.94803,-78.97019
11739,35.94756,-78.96989
11741,35.94721,-78.96968
11744,35.94597,-78.96993
11746,35.94527,-78.97009
11749,35.94399,-78.97095
11751,35.94265,-78.97208
11754,35.94179,-78.97277
11756,35.94135,-78.9733
11759,35.941,-78.97407
11761,35.94085,-78.97473
11764,35.94057,-78.97568
11766,35.94041,-78.97624
11769,35.94054,-78.97755
11772,35.94063,-78.97858
11774,35.9407,-78.97941
11777,35.94118,-78.97997
11785,35.94287,-78.9828
11787,35.94351,-78.9834
11790,35.94429,-78.98406
11793,35.94491,-78.98477
11795,35.94576,-78.98555
11798,35.94612,-78.98611
11800,35.94612,-78.98694
11802,35.9475,-78.98708
11804,35.94831,-78.9871
11807,35.94964,-78.98707
11809,35.95083,-78.9869
11812,35.95144,-78.98688
11814,35.95185,-78.98701
11817,35.95235,-78.98701
11819,35.95297,-78.9869
11821,35.9542,-78.98648
11823,35.95511,-78.98594
11826,35.95504,-78.98573
11828,35.95568,-78.9849
11832,35.95552,-78.98436
11834,35.95678,-78.98328
11837,35.95804,-78.98189
11840,35.9586,-78.98086
11842,35.95886,-78.97948
11848,35.95698,-78.97868
11851,35.95677,-78.97743
11855,35.95591,-78.97627
11859,35.95445,-78.97562
11863,35.95388,-78.97412
11871,35.95097,-78.9724
11874,35.9498,-78.97201
11876,35.9491,-78.97142
11880,35.94745,-78.9713
11885,35.94794,-78.96992
11890,35.94583,-78.97029
11892,35.9441,-78.97109
11895,35.94335,-78.97163
11899,35.94134,-78.97312
11901,35.94101,-78.97355
11904,35.94117,-78.97391
11906,35.94086,-78.97448
11908,35.94092,-78.97494
11918,35.94074,-78.97827
11920,35.94112,-78.97874
11922,35.94164,-78.9796
11929,35.94195,-78.98237
11931,35.94251,-78.98297
11933,35.9433,-78.98362
11936,35.94388,-78.98443
11938,35.94455,-78.985
11941,35.94518,-78.98577
11944,35.94584,-78.98633
11947,35.94683,-78.98689
11949,35.94831,-78.98669
11952,35.94898,-78.98706
11955,35.94951,-78.98731
11957,35.95025,-78.98749
11959,35.95082,-78.9875
11962,35.95144,-78.98762
11965,35.95179,-78.9874
11968,35.95436,-78.98638
11970,35.9545,-78.98603
11975,35.95522,-78.98521
11980,35.95768,-78.98292
11982,35.95863,-78.98183
11985,35.95991,-78.97991
11989,35.95847,-78.97961
11991,35.95746,-78.97969
11999,35.95557,-78.97794
12001,35.95526,-78.97706
12003,35.95625,-78.97549
12007,35.95558,-78.97388
12009,35.95537,-78.97314
12015,35.95183,-78.9727
12018,35.94948,-78.97362
12023,35.94856,-78.97183
12027,35.94817,-78.97077
12029,35.94738,-78.97061
12031,35.94642,-78.97069
12034,35.94578,-78.97031
12036,35.94501,-78.97031
12045,35.94219,-78.97248
12048,35.94135,-78.97329
12051,35.94136,-78.97382
12053,35.94113,-78.97439
12056,35.94097,-78.97533
12065,35.94071,-78.9787
12067,35.9407,-78.97948
12070,35.94083,-78.98071
12073,35.94131,-78.98206
12076,35.94209,-78.98296
12078,35.94258,-78.98359
12081,35.94299,-78.98427
12083,35.94347,-78.98486
12085,35.94423,-78.9855
12089,35.94516,-78.98636
12091,35.94594,-78.98675
12094,35.94718,-78.98729
12097,35.94807,-78.98739
12101,35.94933,-78.98766
12103,35.95009,-78.98762
12105,35.95085,-78.98756
12109,35.95158,-78.98754
12112,35.95278,-78.98745
12114,35.95366,-78.98681
12117,35.95446,-78.98612
12120,35.95459,-78.98564
12122,35.95547,-78.98484
12125,35.95619,-78.98397
12127,35.95713,-78.98292
12129,35.95747,-78.98209
12132,35.95757,-78.9814
12135,35.95763,-78.98038
12137,35.95702,-78.97994
12139,35.95707,-78.97906
12141,35.95698,-78.97826
12144,35.9568,-78.97755
12147,35.95747,-78.97565
12149,35.95784,-78.97421
12152,35.95636,-78.97399
12157,35.95677,-78.97149
12161,35.95266,-78.97198
12164,35.95133,-78.97152
12167,35.95022,-78.9713
12169,35.9496,-78.97099
12173,35.94849,-78.97031
12176,35.94718,-78.97058
12179,35.9465,-78.9705
12181,35.94653,-78.97022
12183,35.94502,-78.97069
12185,35.94429,-78.97102
12188,35.94339,-78.97153
12190,35.94228,-78.97245
12211,35.94102,-78.97834
12213,35.94121,-78.97931
12216,35.94103,-78.98031
12220,35.94139,-78.98244
12223,35.94218,-78.98308
12225,35.94282,-78.98376
12228,35.9435,-78.98451
12230,35.94416,-78.98503
12232,35.94488,-78.98563
12235,35.94527,-78.98601
12237,35.94606,-78.98663
12239,35.94684,-78.98695
12242,35.94783,-78.98718
12244,35.94865,-78.98728
12247,35.94967,-78.98738
12249,35.95037,-78.98739
12251,35.95107,-78.98728
12254,35.95166,-78.98743
12256,35.95216,-78.98735
12259,35.9533,-78.98704
12261,35.95439,-78.98639
12265,35.95462,-78.9858
12267,35.95552,-78.98511
12270,35.95563,-78.98436
12272,35.95682,-78.98335
12275,35.95734,-78.98234
12277,35.95886,-78.98098
12281,35.95795,-78.9797
12284,35.95696,-78.97924
12286,35.95611,-78.97912
12291,35.95684,-78.97697
12293,35.95666,-78.97579
12298,35.95503,-78.97481
12303,35.95248,-78.97409
12306,35.95202,-78.9732
12309,35.95157,-78.97285
12311,35.95031,-78.97213
12313,35.94916,-78.97202
12319,35.94699,-78.97137
12322,35.94666,-78.97105
12324,35.94618,-78.97085
12326,35.9458,-78.97055
12329,35.94491,-78.97073
12331,35.94338,-78.97154
12335,35.94266,-78.97209
12338,35.94144,-78.97307
12340,35.9411,-78.97358
12342,35.94099,-78.97401
12344,35.94086,-78.97435
12347,35.94059,-78.97523
12355,35.94058,-78.97818
12360,35.94046,-78.98026
12362,35.94113,-78.98099
12364,35.94194,-78.98181
12367,35.94354,-78.9818
12369,35.94466,-78.98217
12373,35.94514,-78.98366
12375,35.94543,-78.98463
12377,35.94521,-78.98565
12380,35.94478,-78.98664
12382,35.94445,-78.9874
12384,35.94334,-78.98816
12386,35.9428,-78.9887
12389,35.94198,-78.98897
12391,35.94067,-78.9892
12394,35.93982,-78.9894
12407,35.93467,-78.98767
12409,35.93394,-78.98714
12412,35.93344,-78.98587
12414,35.93301,-78.9852
12417,35.93255,-78.98425
12419,35.93221,-78.98343
12421,35.93172,-78.98247
12424,35.93136,-78.98161
12426,35.93073,-78.98062
12429,35.93034,-78.97984
12431,35.93001,-78.97906
12433,35.92979,-78.97815
12435,35.93003,-78.9773
12438,35.93016,-78.97642
12440,35.93028,-78.97568
12442,35.93049,-78.97458
12444,35.93073,-78.97344
12447,35.93091,-78.97258
12449,35.93085,-78.97156
12451,35.93079,-78.97066
12454,35.93099,-78.96929
12457,35.9309,-78.9678
12460,35.93078,-78.9669
12463,35.93133,-78.96512
12465,35.92967,-78.96495
12467,35.92937,-78.96428
12471,35.92979,-78.96253
12473,35.92987,-78.96119
12476,35.93006,-78.96013
12478,35.93042,-78.9586
12480,35.93148,-78.95691
12484,35.93096,-78.9556
12486,35.93153,-78.95422
12490,35.93092,-78.95298
12495,35.93837,-78.9451
12497,35.93999,-78.9433
12502,35.92971,-78.94816
12504,35.9289,-78.94791
12507,35.92789,-78.94743
12513,35.93102,-78.94215
12517,35.93483,-78.93752
12522,35.93428,-78.93648
12524,35.93729,-78.93201
12527,35.9384,-78.93101
12529,35.93934,-78.93052
12531,35.9404,-78.92913
12534,35.9406,-78.93005
12538,35.93938,-78.93296
12542,35.94432,-78.93189
12544,35.94529,-78.93271
12547,35.94618,-78.93378
12553,35.93627,-78.94488
12559,35.93594,-78.94729
12571,35.94023,-78.94213
12592,35.9552,-78.94593
12597,35.95529,-78.94442
12599,35.95573,-78.94329
12601,35.95623,-78.94186
12604,35.95607,-78.94057
12606,35.95603,-78.93919
12610,35.95486,-78.93843
12612,35.95427,-78.93766
12614,35.95369,-78.93652
12616,35.95313,-78.9355
12618,35.95238,-78.93481
12621,35.95198,-78.93407
12623,35.9513,-78.93327
12626,35.95003,-78.93217
12629,35.94713,-78.93021
12632,35.93661,-78.9403
12637,35.9468,-78.93032
12646,35.93923,-78.93605
12650,35.93536,-78.93833
12664,35.93161,-78.94697
12679,35.93375,-78.95393
12683,35.93194,-78.95759
12685,35.9329,-78.95787
12687,35.93469,-78.95811
12690,35.93753,-78.9564
12692,35.93937,-78.95592
12694,35.94048,-78.95584
12697,35.94126,-78.9556
12699,35.94325,-78.95457
12701,35.94792,-78.95129
12703,35.9517,-78.94857
12706,35.95373,-78.94659
12709,35.9546,-78.94539
12711,35.95561,-78.94424
12715,35.95369,-78.94375
12718,35.95471,-78.9426
12721,35.95524,-78.94077
12723,35.95493,-78.93991
12726,35.95468,-78.93854
12728,35.9542,-78.93777
12730,35.9536,-78.93717
12732,35.95296,-78.93613
12734,35.95231,-78.93533
12737,35.95157,-78.93421
12739,35.95135,-78.93254
12741,35.94918,-78.93232
12744,35.94759,-78.9315
12746,35.94512,-78.92995
12751,35.94506,-78.93207
12759,35.93907,-78.93309
12762,35.93173,-78.94175
12765,35.92917,-78.9436
12769,35.92959,-78.94363
12771,35.92961,-78.9441
12778,35.93508,-78.93784
12785,35.93758,-78.94547
12790,35.94298,-78.94404
12792,35.93329,-78.95292
12795,35.93516,-78.95322
12801,35.93981,-78.9523
12804,35.9395,-78.95415
12806,35.94014,-78.95476
12815,35.95033,-78.94904
12817,35.9513,-78.94859
12820,35.9524,-78.94778
12823,35.95297,-78.94691
12826,35.95398,-78.94581
12833,35.94892,-78.94774
12837,35.95372,-78.94206
12839,35.95519,-78.93954
12842,35.95501,-78.93786
12844,35.95479,-78.93642
12847,35.95406,-78.93524
12849,35.95306,-78.93479
12852,35.95227,-78.9336
12854,35.95199,-78.93254
12856,35.95098,-78.932
12859,35.94929,-78.93147
12862,35.9474,-78.93114
12865,35.94603,-78.93075
12869,35.9446,-78.93191
12873,35.94053,-78.93082
12889,35.9345,-78.9368
12922,35.9408,-78.95422
12930,35.94143,-78.95571
12950,35.9545,-78.94289
12952,35.95532,-78.94118
12954,35.95507,-78.94032
12957,35.95503,-78.93876
12959,35.95483,-78.93774
12961,35.95392,-78.93673
12964,35.95301,-78.93572
12966,35.9523,-78.93496
12969,35.95172,-78.93391
12971,35.95093,-78.93288
12973,35.94995,-78.93244
12975,35.94872,-78.93136
12978,35.94784,-78.93095
12980,35.94652,-78.93072
12983,35.94534,-78.93142
12985,35.94417,-78.93166
12989,35.94025,-78.93042
13002,35.92976,-78.94417
13005,35.9377,-78.93751
13012,35.93126,-78.94726
13025,35.93513,-78.95232
13038,35.94139,-78.95367
13041,35.9409,-78.95511
13043,35.94056,-78.95581
13047,35.94502,-78.9536
13050,35.94961,-78.95005
13052,35.9517,-78.94825
13055,35.9535,-78.94668
13057,35.95355,-78.94606
13061,35.94992,-78.94794
13063,35.94845,-78.9487
13066,35.94884,-78.94711
13069,35.95311,-78.94253
13071,35.9547,-78.93986
13074,35.95643,-78.9367
13076,35.95598,-78.9358
13079,35.95391,-78.93506
13081,35.95272,-78.93478
13084,35.95181,-78.93394
13086,35.95115,-78.9328
13089,35.95007,-78.9322
13091,35.9476,-78.93131
13094,35.94632,-78.93139
13096,35.9458,-78.93207
13098,35.94428,-78.93212
13100,35.9436,-78.93228
13104,35.94145,-78.93671
13106,35.9372,-78.94038
13112,35.93639,-78.94344
13116,35.93835,-78.94501
13131,35.94333,-78.94601
13135,35.94043,-78.95251
13138,35.94131,-78.9542
13140,35.94039,-78.95645
13151,35.94298,-78.96091
13153,35.94208,-78.96335
13157,35.94436,-78.96376
13159,35.94255,-78.96645
13162,35.94225,-78.96815
13164,35.94334,-78.96876
13166,35.94366,-78.96914
13169,35.94472,-78.97061
13171,35.94572,-78.97124
13173,35.94576,-78.97225
13176,35.94625,-78.97341
13179,35.94748,-78.97434
13181,35.94795,-78.97533
13184,35.94842,-78.97668
13187,35.94899,-78.97767
13189,35.94915,-78.97835
13192,35.94978,-78.9804
13200,35.94961,-78.98315
13202,35.94884,-78.98407
13204,35.94799,-78.98482
13206,35.94715,-78.98553
13209,35.94647,-78.98629
13212,35.94567,-78.98669
13214,35.94399,-78.98714
13216,35.94294,-78.98718
13219,35.94214,-78.98648
13221,35.94154,-78.98566
13223,35.94098,-78.98479
13225,35.9406,-78.98369
13228,35.94001,-78.9826
13230,35.93945,-78.98168
13232,35.93856,-78.98093
13248,35.93465,-78.97435
13251,35.93469,-78.97286
13254,35.93463,-78.97111
13256,35.93477,-78.97022
13259,35.93435,-78.96928
13261,35.93429,-78.96852
13266,35.93367,-78.96682
13268,35.93358,-78.96569
13271,35.93352,-78.96449
13273,35.93405,-78.96308
13276,35.93425,-78.96168
13278,35.93468,-78.96004
13281,35.93488,-78.95866
13284,35.93403,-78.95762
13287,35.93461,-78.95608
13289,35.9371,-78.95329
13293,35.94548,-78.94585
13295,35.94959,-78.9415
13302,35.9339,-78.94852
13306,35.9324,-78.94836
13308,35.9319,-78.94786
13317,35.93158,-78.94374
13320,35.93349,-78.94038
13323,35.93827,-78.93559
13326,35.93637,-78.93471
13332,35.93606,-78.93287
13337,35.93718,-78.92906
13340,35.93756,-78.92754
13343,35.93863,-78.92621
13345,35.9386,-78.92434
13347,35.93792,-78.92307
13349,35.93662,-78.92135
13354,35.93459,-78.92176
13356,35.93334,-78.92126
13360,35.93133,-78.92135
13362,35.93002,-78.92141
13365,35.92859,-78.92237
13367,35.92782,-78.92395
13369,35.92705,-78.92547
13371,35.92682,-78.92628
13373,35.9266,-78.92741
13376,35.92621,-78.9286
13378,35.92645,-78.92938
13386,35.92094,-78.93648
13391,35.92243,-78.93876
13395,35.92403,-78.93947
13402,35.93232,-78.93606
13407,35.93322,-78.93572
13410,35.93671,-78.93331
13412,35.93703,-78.9325
13416,35.93515,-78.93213
13419,35.936,-78.9304
13422,35.936,-78.92885
13424,35.93556,-78.92769
13426,35.93483,-78.9266
13429,35.9342,-78.92579
13431,35.93296,-78.92547
13435,35.932,-78.92354
13438,35.92994,-78.92246
13443,35.9266,-78.92348
13448,35.92257,-78.92831
13458,35.92592,-78.93049
13466,35.92605,-78.93421
13468,35.92584,-78.93494
13471,35.92262,-78.93837
13474,35.91856,-78.94378
13476,35.91809,-78.94532
13478,35.91826,-78.94623
13484,35.92117,-78.94637
13491,35.92102,-78.95006
13494,35.92101,-78.9513
13497,35.92115,-78.95309
13499,35.92104,-78.95423
13501,35.9209,-78.9555
13503,35.92086,-78.95642
13508,35.92161,-78.95815
13515,35.92128,-78.96208
13519,35.92174,-78.96391
13524,35.92266,-78.96543
13526,35.92241,-78.96635
13529,35.9225,-78.96792
13531,35.92292,-78.96881
13533,35.92297,-78.96931
13549,35.92384,-78.97696
13551,35.9238,-78.97771
13558,35.92331,-78.982
13564,35.9239,-78.98479
13567,35.92406,-78.98604
13569,35.9243,-78.98694
13571,35.92507,-78.98773
13573,35.92612,-78.98833
13576,35.92707,-78.98923
13579,35.92807,-78.98962
13581,35.92913,-78.9897
13583,35.9304,-78.98929
13586,35.93141,-78.98852
13588,35.93207,-78.98778
13590,35.93274,-78.98682
13593,35.93345,-78.98559
13595,35.93323,-78.98455
13598,35.93284,-78.98337
13600,35.93249,-78.98206
13602,35.93241,-78.98102
13605,35.93187,-78.98001
13607,35.93187,-78.97928
13609,35.93161,-78.97781
13612,35.93129,-78.97647
13614,35.93044,-78.97562
13617,35.92996,-78.97481
13619,35.92956,-78.97407
13622,35.92966,-78.97255
13624,35.92946,-78.97146
13626,35.92937,-78.97038
13628,35.92879,-78.96984
13631,35.92867,-78.96855
13633,35.92801,-78.96776
13635,35.92793,-78.96718
13638,35.92759,-78.9659
13640,35.92706,-78.96494
13642,35.9268,-78.96445
13645,35.92693,-78.96255
13647,35.9267,-78.96158
13650,35.92645,-78.96032
13652,35.92638,-78.95927
13654,35.92647,-78.95801
13656,35.92638,-78.95697
13659,35.92634,-78.95557
13662,35.926,-78.95472
13665,35.92543,-78.95338
13667,35.9251,-78.95243
13670,35.92754,-78.94923
13673,35.9276,-78.94765
13678,35.92439,-78.9472
13682,35.92459,-78.94494
13684,35.92436,-78.94397
13687,35.92402,-78.94324
13689,35.92353,-78.94129
13695,35.92652,-78.93917
13701,35.93324,-78.93534
13703,35.93485,-78.93507
13718,35.93678,-78.94202
13721,35.93603,-78.9438
13734,35.9346,-78.94917
13736,35.93466,-78.94957
13738,35.93369,-78.95064
13741,35.93176,-78.95264
13744,35.92945,-78.95567
13747,35.92903,-78.95689
13749,35.92748,-78.95891
13754,35.92645,-78.96108
13758,35.92549,-78.96273
13761,35.92566,-78.96384
13765,35.92571,-78.96466
13767,35.92542,-78.96543
13769,35.92479,-78.96699
13772,35.92466,-78.96805
13775,35.92433,-78.96903
13777,35.92401,-78.96991
13779,35.92364,-78.97081
13783,35.92289,-78.97251
13785,35.92247,-78.97352
13787,35.92221,-78.97443
13789,35.92185,-78.97534
13792,35.92143,-78.97645
13795,35.92072,-78.97782
13797,35.92034,-78.97866
13800,35.91926,-78.97951
13803,35.9195,-78.98064
13805,35.91901,-78.98231
13808,35.91862,-78.9835
13811,35.91812,-78.98448
13813,35.91738,-78.986
13816,35.91682,-78.98714
13818,35.91632,-78.9883
13821,35.91586,-78.98949
13824,35.91524,-78.99071
13827,35.91469,-78.99207
13829,35.91425,-78.99309
13832,35.9138,-78.99435
13834,35.91334,-78.99532
13837,35.91281,-78.99666
13840,35.91215,-78.9981
13842,35.91187,-78.99905
13844,35.9114,-78.99999
13847,35.911,-79.00094
13849,35.91054,-79.00207
13852,35.91014,-79.00289
13854,35.90955,-79.00436
13857,35.9089,-79.00567
13859,35.90843,-79.0066
13862,35.90791,-79.00789
13864,35.90757,-79.00885
13867,35.9071,-79.01009
13869,35.90663,-79.01106
13872,35.90608,-79.01229
13875,35.90549,-79.01355
13877,35.90508,-79.0145
13879,35.90471,-79.01532
13882,35.90413,-79.01678
13884,35.90358,-79.01797
13887,35.90312,-79.0192
13889,35.90275,-79.01995
13892,35.9019,-79.02161
13894,35.90162,-79.02247
13897,35.90115,-79.0236
13900,35.90062,-79.02487
13902,35.90014,-79.02589
13905,35.89969,-79.02695
13907,35.89932,-79.02799
13909,35.89898,-79.02888
13912,35.89835,-79.03017
13915,35.89785,-79.03136
13917,35.89729,-79.03255
13920,35.89684,-79.03371
13922,35.89644,-79.03464
13924,35.89604,-79.03557
13927,35.89545,-79.03686
13929,35.89498,-79.03786
13931,35.89449,-79.03889
13933,35.89409,-79.03979
13936,35.89355,-79.04103
13938,35.89326,-79.04204
13941,35.89306,-79.04275
13943,35.89242,-79.04417
13946,35.8919,-79.04534
13949,35.89109,-79.04681
13951,35.89044,-79.04796
13954,35.89015,-79.04909
13957,35.88981,-79.05003
13961,35.88884,-79.05226
13964,35.88831,-79.05321
13966,35.88776,-79.05448
13969,35.88713,-79.05586
13972,35.88671,-79.05706
13974,35.88647,-79.05798
13976,35.88607,-79.05894
13978,35.88558,-79.05998
13981,35.88492,-79.06116
13984,35.88421,-79.06254
13986,35.88387,-79.06347
13989,35.88347,-79.06451
13992,35.88276,-79.06608
13994,35.88243,-79.06704
13997,35.88195,-79.06821
13999,35.8814,-79.06939
14001,35.88093,-79.07034
14004,35.88034,-79.07146
14006,35.87998,-79.07239
14008,35.87949,-79.0736
14011,35.87939,-79.07467
14013,35.87929,-79.07548
14015,35.87934,-79.07635
14018,35.87907,-79.07745
14020,35.87878,-79.07856
14023,35.87859,-79.07942
14025,35.8784,-79.08036
14027,35.87821,-79.08126
14029,35.87805,-79.08211
14032,35.87785,-79.08314
14034,35.87765,-79.08411
14037,35.87748,-79.08523
14039,35.87733,-79.08608
14041,35.87712,-79.08726
14044,35.877,-79.08812
14046,35.87684,-79.08901
14049,35.87657,-79.09018
14052,35.87633,-79.09145
14054,35.87619,-79.09228
14056,35.87607,-79.09331
14058,35.87588,-79.0942
14061,35.87573,-79.09519
14063,35.87556,-79.09618
14066,35.87536,-79.09716
14068,35.87517,-79.09818
14070,35.87504,-79.09901
14072,35.87478,-79.10003
14075,35.87463,-79.10086
14077,35.87424,-79.10216
14080,35.87404,-79.10316
14082,35.87394,-79.10407
14084,35.87384,-79.10496
14087,35.87366,-79.10593
14090,35.87317,-79.10731
14092,35.87295,-79.10823
14094,35.87278,-79.10931
14097,35.8726,-79.11025
14099,35.87239,-79.11129
14102,35.87223,-79.11195
14104,35.87198,-79.11322
14106,35.87184,-79.11402
14108,35.87163,-79.11491
14111,35.87152,-79.11556
14113,35.87133,-79.11677
14116,35.87125,-79.11748
14118,35.87134,-79.11855
14120,35.87155,-79.11942
14123,35.87206,-79.12031
14125,35.87288,-79.12083
14127,35.87353,-79.12148
14130,35.87432,-79.12149
14132,35.87541,-79.12143
14134,35.87635,-79.12105
14137,35.87721,-79.12059
14139,35.87795,-79.11985
14141,35.87861,-79.11897
14144,35.87898,-79.11796
14146,35.87938,-79.11745
14148,35.88018,-79.11701
14150,35.88088,-79.11677
14153,35.88178,-79.11642
14155,35.88258,-79.116
14158,35.88369,-79.11541
14161,35.88484,-79.11478
14163,35.88566,-79.11436
14166,35.88636,-79.11402
14168,35.88707,-79.11365
14171,35.88805,-79.11317
14173,35.88884,-79.11276
14175,35.88952,-79.11243
14177,35.89037,-79.11199
14179,35.89114,-79.11159
14182,35.89185,-79.11124
14184,35.89271,-79.11079
14186,35.89361,-79.11037
14188,35.89441,-79.10994
14191,35.89534,-79.10941
14193,35.89631,-79.10891
14196,35.89718,-79.10847
14199,35.89824,-79.10796
14201,35.89918,-79.10749
14204,35.90005,-79.10702
14207,35.9011,-79.1065
14210,35.90214,-79.10596
14212,35.90306,-79.10549
14214,35.90389,-79.10503
14216,35.9048,-79.10457
14218,35.90553,-79.10419
14221,35.90647,-79.10374
14223,35.90713,-79.10342
14226,35.90804,-79.10292
14228,35.90896,-79.10245
14231,35.90974,-79.10206
14233,35.91068,-79.10159
14236,35.91162,-79.1011
14238,35.91243,-79.10066
14241,35.91346,-79.10008
14246,35.91527,-79.09926
14248,35.9161,-79.09885
14251,35.91696,-79.09841
14253,35.91764,-79.09802
14256,35.91828,-79.09722
14258,35.91858,-79.09646
14261,35.91885,-79.09543
14263,35.91872,-79.09457
14265,35.91849,-79.09371
14267,35.91805,-79.09298
14270,35.91752,-79.09215
14272,35.91658,-79.09163
14274,35.91572,-79.09143
14277,35.91459,-79.09122
14279,35.91355,-79.09129
14282,35.91255,-79.09138
14285,35.91129,-79.09156
14287,35.91032,-79.0918
14290,35.90942,-79.09202
14292,35.90851,-79.09241
14295,35.90744,-79.09292
14297,35.90657,-79.09338
14299,35.90589,-79.09395
14302,35.90524,-79.09453
14304,35.90475,-79.09504
14307,35.90374,-79.09637
14310,35.90329,-79.09739
14312,35.9029,-79.09818
14315,35.90265,-79.09919
14317,35.90241,-79.10006
14320,35.90213,-79.10136
14322,35.90225,-79.10222
14325,35.90255,-79.10292
14327,35.90295,-79.10384
14329,35.9033,-79.10464
14332,35.90372,-79.10556
14334,35.904,-79.10602
14336,35.9046,-79.10692
14339,35.90532,-79.10773
14341,35.90596,-79.1083
14344,35.90683,-79.10898
14347,35.90781,-79.10938
14349,35.90854,-79.10969
14351,35.90955,-79.10988
14354,35.91045,-79.11001
14356,35.91139,-79.11011
14359,35.91234,-79.11014
14361,35.91315,-79.10998
14363,35.91402,-79.10976
14366,35.91481,-79.10956
14369,35.91569,-79.10921
14371,35.91643,-79.10874
14374,35.91767,-79.10789
14377,35.91836,-79.10725
14379,35.91915,-79.10637
14382,35.91966,-79.10547
14385,35.92004,-79.10468
14387,35.92027,-79.10371
14390,35.92038,-79.10316
14393,35.92065,-79.10175
14395,35.9207,-79.10081
14398,35.9207,-79.09975
14401,35.92055,-79.09864
14403,35.92029,-79.09787
14405,35.91991,-79.09708
14407,35.91946,-79.09634
14410,35.91893,-79.09574
14412,35.91812,-79.0947
14415,35.91746,-79.094
14418,35.91658,-79.09343
14420,35.91579,-79.09308
14423,35.91481,-79.09252
14425,35.91396,-79.09232
14427,35.9131,-79.0921
14429,35.91221,-79.09199
14431,35.91129,-79.09203
14433,35.91045,-79.09212
14435,35.90963,-79.09225
14438,35.90857,-79.09252
14441,35.90756,-79.09292
14444,35.90678,-79.09341
14446,35.90602,-79.09402
14448,35.90541,-79.09449
14450,35.90481,-79.09513
14453,35.90424,-79.09596
14455,35.90357,-79.09693
14457,35.90316,-79.09771
14460,35.90284,-79.09878
14463,35.90278,-79.09956
14465,35.90268,-79.1005
14467,35.90256,-79.10147
14470,35.90262,-79.10268
14473,35.90303,-79.10351
14475,35.90331,-79.10456
14478,35.90374,-79.10546
14480,35.90417,-79.10609
14483,35.90491,-79.10718
14486,35.90569,-79.10779
14489,35.90645,-79.10859
14491,35.90729,-79.10914
14494,35.90813,-79.10951
14497,35.90928,-79.10979
14499,35.91024,-79.11
14502,35.91093,-79.11016
14504,35.91197,-79.1101
14506,35.91286,-79.10998
14509,35.91388,-79.10979
14511,35.91484,-79.10952
14514,35.91561,-79.10922
14517,35.91678,-79.10851
14519,35.91742,-79.1081
14521,35.91806,-79.10752
14524,35.91883,-79.1067
14527,35.91934,-79.10596
14529,35.91969,-79.10528
14532,35.92016,-79.10441
14534,35.92054,-79.10356
14536,35.92056,-79.10268
14539,35.9206,-79.10191
14542,35.92067,-79.10077
14545,35.92064,-79.09949
14547,35.92038,-79.09872
14549,35.92006,-79.09776
14552,35.91972,-79.09702
14554,35.91943,-79.09616
14556,35.9191,-79.0953
14558,35.91876,-79.09474
14561,35.91788,-79.09391
14563,35.91719,-79.09347
14566,35.9163,-79.09293
14568,35.91543,-79.0926
14570,35.9146,-79.09237
14572,35.91378,-79.09215
14575,35.9125,-79.09215
14577,35.91136,-79.09223
14580,35.91025,-79.09224
14582,35.90931,-79.09233
14585,35.90873,-79.09251
14587,35.90785,-79.09285
14590,35.90689,-79.09334
14592,35.90596,-79.09395
14594,35.90523,-79.0946
14596,35.90471,-79.09522
14599,35.90411,-79.09605
14601,35.90366,-79.09679
14603,35.90335,-79.09752
14606,35.90292,-79.09847
14608,35.90265,-79.09943
14610,35.90257,-79.10029
14613,35.90252,-79.10139
14616,35.90276,-79.10241
14618,35.90298,-79.1034
14621,35.90319,-79.10425
14624,35.9036,-79.1054
14626,35.90378,-79.10612
14628,35.90423,-79.10689
14630,35.9048,-79.10768
14633,35.90565,-79.10832
14636,35.90661,-79.10887
14638,35.90752,-79.10927
14641,35.90869,-79.10972
14644,35.90965,-79.10997
14646,35.91072,-79.10992
14649,35.91198,-79.11002
14652,35.91299,-79.10994
14655,35.91374,-79.10984
14657,35.91462,-79.10958
14660,35.91554,-79.10918
14662,35.91621,-79.10884
14664,35.91696,-79.10844
14666,35.9176,-79.1079
14669,35.91843,-79.10714
14672,35.91897,-79.10645
14674,35.91937,-79.1057
14676,35.91971,-79.10495
14679,35.92004,-79.10417
14681,35.92038,-79.10327
14683,35.9206,-79.10242
14685,35.92072,-79.10173
14688,35.92084,-79.10062
14690,35.92073,-79.09977
14693,35.92055,-79.09869
14695,35.92021,-79.09799
14697,35.91985,-79.09716
14700,35.91941,-79.09636
14702,35.91892,-79.09566
14704,35.91843,-79.09506
14706,35.91778,-79.0945
14709,35.91697,-79.09382
14712,35.91592,-79.09317
14714,35.91518,-79.09282
14716,35.91438,-79.09247
14719,35.9134,-79.09225
14721,35.91246,-79.09207
14724,35.91142,-79.09209
14726,35.91046,-79.09214
14728,35.90954,-79.09225
14730,35.90873,-79.09249
14732,35.90799,-79.09278
14735,35.90694,-79.09329
14738,35.90599,-79.09388
14740,35.90512,-79.09455
14743,35.90449,-79.09525
14745,35.90384,-79.09617
14748,35.90338,-79.09705
14751,35.90289,-79.09802
14753,35.9025,-79.0991
14756,35.90228,-79.10004
14758,35.90222,-79.10097
14760,35.90223,-79.1019
14764,35.90246,-79.10326
14766,35.90279,-79.10405
14768,35.90312,-79.1048
14771,35.90353,-79.1057
14774,35.90409,-79.10666
14776,35.90476,-79.1073
14778,35.90537,-79.10793
14780,35.90604,-79.10846
14783,35.90673,-79.10895
14785,35.90772,-79.10944
14788,35.90876,-79.10982
14791,35.90971,-79.11005
14793,35.91069,-79.11015
14796,35.91184,-79.11022
14799,35.91278,-79.11008
14801,35.91374,-79.10988
14804,35.91466,-79.10959
14806,35.91533,-79.10934
14808,35.91603,-79.10902
14811,35.91686,-79.10846
14813,35.91764,-79.10788
14816,35.91845,-79.10704
14818,35.91905,-79.10631
14821,35.91951,-79.1056
14824,35.91998,-79.10467
14826,35.9203,-79.10364
14829,35.92046,-79.10278
14832,35.92067,-79.10175
14834,35.9208,-79.10065
14837,35.92079,-79.09978
14839,35.92053,-79.09878
14841,35.92031,-79.09791
14844,35.91987,-79.09711
14846,35.91933,-79.09634
14848,35.91876,-79.09564
14851,35.91831,-79.09504
14853,35.91753,-79.09434
14856,35.91671,-79.09373
14858,35.91585,-79.09323
14860,35.91507,-79.09285
14862,35.91427,-79.0925
14865,35.91336,-79.09225
14867,35.91244,-79.09216
14870,35.91143,-79.09209
14873,35.91062,-79.09212
14875,35.90939,-79.09228
14878,35.90835,-79.09262
14880,35.90765,-79.09298
14882,35.90681,-79.0934
14884,35.90611,-79.09389
14887,35.90534,-79.09443
14889,35.90472,-79.09511
14891,35.90405,-79.09599
14894,35.9036,-79.09682
14896,35.90318,-79.09765
14899,35.90268,-79.09878
14901,35.9026,-79.09952
14904,35.90244,-79.10065
14906,35.90237,-79.10165
14908,35.90252,-79.10261
14911,35.90262,-79.10339
14913,35.90294,-79.10412
14915,35.90327,-79.10498
14918,35.90382,-79.10585
14920,35.90432,-79.10685
14923,35.9049,-79.10754
14926,35.90562,-79.10824
14928,35.90646,-79.10869
14930,35.90728,-79.1092
14933,35.90818,-79.1096
14935,35.90914,-79.10982
14938,35.90997,-79.10998
14940,35.91099,-79.11012
14943,35.91183,-79.11017
14946,35.91302,-79.11003
14948,35.91371,-79.10991
14951,35.91461,-79.10969
14953,35.91538,-79.10933
14955,35.91613,-79.10889
14958,35.91694,-79.10837
14960,35.91777,-79.10773
14964,35.91878,-79.10673
14967,35.91948,-79.10586
14970,35.91987,-79.10488
14972,35.92015,-79.10375
14975,35.92036,-79.10292
14978,35.92059,-79.10176
14980,35.92056,-79.10088
14983,35.92056,-79.09993
14985,35.92044,-79.09888
14988,35.92013,-79.09794
14990,35.91984,-79.09711
14992,35.91932,-79.09636
14994,35.91877,-79.09568
14997,35.9182,-79.09489
14999,35.91744,-79.09433
15001,35.91684,-79.09377
15004,35.91589,-79.09327
15006,35.91508,-79.09289
15008,35.91427,-79.09266
15010,35.91352,-79.09236
15012,35.91266,-79.09222
15015,35.9118,-79.09215
15017,35.91058,-79.09218
15020,35.90975,-79.09222
15022,35.90891,-79.09244
15024,35.90824,-79.0927
15027,35.90717,-79.09318
15029,35.90633,-79.09371
15031,35.90558,-79.0943
15033,35.9049,-79.09494
15036,35.90423,-79.0957
15039,35.9037,-79.09656
15041,35.90335,-79.09723
15043,35.90293,-79.0982
15045,35.9026,-79.09904
15047,35.90254,-79.09987
15049,35.9024,-79.10071
15052,35.9024,-79.1015
15054,35.90249,-79.10243
15056,35.90291,-79.10307
15058,35.90325,-79.10387
15061,35.90362,-79.10478
15063,35.90385,-79.10557
15065,35.90407,-79.10636
15068,35.90467,-79.10724
15071,35.90528,-79.10795
15073,35.90598,-79.10854
15075,35.90672,-79.10894
15077,35.90739,-79.1093
15079,35.9082,-79.1096
15082,35.90916,-79.1099
15084,35.90992,-79.11016
15087,35.91085,-79.11027
15090,35.91188,-79.11021
15092,35.91285,-79.11011
15094,35.91371,-79.10995
15097,35.91462,-79.10972
15100,35.91566,-79.10921
15102,35.91606,-79.10897
15105,35.91724,-79.10818
15107,35.91782,-79.10763
15110,35.91874,-79.10675
15112,35.91927,-79.10604
15115,35.91978,-79.10522
15117,35.92015,-79.10448
15119,35.92027,-79.10372
15122,35.92057,-79.10263
15124,35.9207,-79.10183
15126,35.92073,-79.10113
15129,35.92066,-79.10007
15131,35.92053,-79.09903
15134,35.92029,-79.09802
15136,35.91997,-79.09723
15139,35.91938,-79.09624
15141,35.91877,-79.09537
15144,35.91803,-79.09467
15146,35.91757,-79.09424
15148,35.91665,-79.09358
15151,35.91559,-79.09305
15154,35.9145,-79.09251
15156,35.91368,-79.09233
15158,35.91288,-79.09218
15161,35.91177,-79.09209
15163,35.91081,-79.09206
15165,35.90992,-79.0922
15167,35.90898,-79.09249
15170,35.90796,-79.09283
15173,35.907,-79.09325
15175,35.9064,-79.09362
15177,35.9055,-79.09427
15180,35.90501,-79.09487
15182,35.90441,-79.0956
15185,35.9038,-79.09653
15187,35.90334,-79.09735
15190,35.9029,-79.09836
15192,35.90264,-79.0993
15194,35.90252,-79.10007
15197,35.90251,-79.10091
15199,35.90234,-79.10181
15202,35.90249,-79.10301
15204,35.90285,-79.10374
15207,35.90326,-79.10455
15209,35.90371,-79.1054
15211,35.90404,-79.10627
15214,35.90464,-79.10707
15217,35.90533,-79.10776
15219,35.90603,-79.10831
15221,35.90671,-79.10888
15224,35.90737,-79.10931
15226,35.90813,-79.10969
15228,35.90919,-79.10985
15231,35.91018,-79.11006
15233,35.91083,-79.11019
15236,35.91169,-79.11027
15238,35.91254,-79.11024
15241,35.91353,-79.11005
15243,35.91443,-79.10974
15245,35.91523,-79.1094
15249,35.91637,-79.10876
15251,35.9171,-79.10827
15255,35.91813,-79.10741
15257,35.91887,-79.10661
15259,35.91928,-79.10587
15262,35.91978,-79.10499
15264,35.92006,-79.10422
15267,35.92023,-79.10335
15269,35.92035,-79.10255
15271,35.92043,-79.10166
15274,35.92056,-79.10075
15276,35.9205,-79.09984
15278,35.92031,-79.09882
15281,35.92007,-79.09799
15283,35.91971,-79.09709
15285,35.91919,-79.0964
15288,35.91869,-79.09561
15290,35.91809,-79.09482
15292,35.91763,-79.09417
15294,35.91701,-79.09363
15297,35.91619,-79.09315
15299,35.91528,-79.09286
15301,35.91442,-79.09254
15303,35.91351,-79.09236
15305,35.91271,-79.09217
15307,35.91177,-79.09206
15310,35.9107,-79.09204
15312,35.90976,-79.0922
15315,35.90891,-79.09239
15317,35.90804,-79.09275
15319,35.90728,-79.09318
15321,35.90648,-79.09358
15323,35.90575,-79.09415
15325,35.90515,-79.09467
15328,35.9045,-79.09537
15330,35.90397,-79.09605
15333,35.90332,-79.09708
15335,35.90291,-79.09805
15338,35.90259,-79.09903
15341,35.90242,-79.10002
15343,35.90235,-79.1011
15346,35.90238,-79.10215
15348,35.9026,-79.1029
15351,35.90278,-79.10397
15353,35.903,-79.10475
15356,35.90349,-79.10569
15358,35.90407,-79.10648
15361,35.90472,-79.10734
15363,35.90547,-79.10815
15366,35.90621,-79.10879
15368,35.90708,-79.10928
15370,35.90784,-79.10959
15373,35.90889,-79.10992
15375,35.9103,-79.11014
15377,35.91141,-79.1103
15380,35.91247,-79.11024
15382,35.91329,-79.11013
15384,35.91445,-79.10973
15387,35.91573,-79.10921
15389,35.91667,-79.10861
15392,35.9177,-79.10781
15395,35.91815,-79.10729
15397,35.91901,-79.10617
15400,35.91962,-79.10518
15403,35.92016,-79.10395
15405,35.92048,-79.10291
15408,35.92071,-79.1019
15410,35.92058,-79.10104
15412,35.92053,-79.1001
15415,35.92043,-79.09896
15417,35.92015,-79.09819
15420,35.91987,-79.09749
15422,35.91935,-79.09637
15424,35.91901,-79.09566
15426,35.91851,-79.09496
15428,35.91786,-79.09439
15430,35.91707,-79.09395
15433,35.91627,-79.09346
15435,35.91539,-79.09312
15437,35.9147,-79.09273
15440,35.91393,-79.09234
15443,35.91292,-79.09216
15445,35.91205,-79.09209
15448,35.91102,-79.09199
15450,35.90993,-79.09218
15453,35.90925,-79.09236
15455,35.9082,-79.09263
15458,35.90718,-79.09311
15461,35.90631,-79.09368
15463,35.90557,-79.09425
15465,35.90501,-79.09488
15468,35.90422,-79.09573
15470,35.90369,-79.09661
15472,35.90325,-79.0975
15474,35.90279,-79.09858
15477,35.90256,-79.09974
15480,35.90239,-79.10123
15482,35.90239,-79.10245
15484,35.9027,-79.10383
15487,35.90317,-79.10544
15489,35.90395,-79.10635
15492,35.90501,-79.10762
15495,35.90584,-79.10851
15497,35.907,-79.10918
15499,35.90828,-79.10966
15502,35.90932,-79.11
15504,35.91055,-79.1101
15506,35.91178,-79.11019
15509,35.91307,-79.10991
15511,35.91453,-79.10951
15514,35.91581,-79.10904
15517,35.91705,-79.10834
15520,35.91794,-79.10763
15522,35.91856,-79.10694
15524,35.91914,-79.10625
15526,35.91957,-79.10551
15529,35.91978,-79.10486
15531,35.92016,-79.10398
15534,35.92059,-79.10266
15536,35.92078,-79.10186
15539,35.92071,-79.10066
15541,35.92068,-79.09978
15543,35.92058,-79.09897
15545,35.92031,-79.09816
15547,35.92009,-79.09743
15550,35.91962,-79.09667
15552,35.91918,-79.09609
15555,35.91868,-79.09534
15557,35.91807,-79.09469
15559,35.91768,-79.09406
15561,35.91704,-79.09355
15564,35.9163,-79.09317
15566,35.91547,-79.09274
15569,35.91462,-79.09247
15571,35.9137,-79.09212
15574,35.91255,-79.09199
15576,35.91179,-79.09199
15579,35.91078,-79.09197
15581,35.91015,-79.09199
15583,35.90928,-79.09222
15586,35.90847,-79.09246
15588,35.90763,-79.09286
15591,35.90661,-79.09347
15593,35.90566,-79.09413
15595,35.90493,-79.09481
15598,35.90436,-79.09553
15600,35.90396,-79.09624
15603,35.90339,-79.09724
15605,35.90302,-79.09811
15607,35.90265,-79.09914
15610,35.90256,-79.10017
15613,35.90254,-79.10139
15615,35.90256,-79.10226
15618,35.90275,-79.10332
15620,35.90314,-79.10429
15623,35.90357,-79.10541
15625,35.90413,-79.10617
15627,35.90479,-79.10703
15630,35.9055,-79.10763
15632,35.9061,-79.10821
15635,35.90727,-79.109
15638,35.90844,-79.10956
15640,35.90968,-79.10971
15643,35.91065,-79.10998
15645,35.91163,-79.11007
15647,35.91257,-79.11002
15649,35.91344,-79.10985
15652,35.9146,-79.10957
15655,35.91578,-79.10907
15657,35.91668,-79.10855
15660,35.91767,-79.10781
15662,35.91843,-79.10718
15665,35.91926,-79.10611
15668,35.91994,-79.10509
15670,35.92021,-79.10427
15673,35.92065,-79.10308
15676,35.92088,-79.10184
15678,35.92093,-79.10074
15681,35.92083,-79.09967
15683,35.92057,-79.09872
15686,35.92032,-79.09766
15688,35.91995,-79.09685
15691,35.91963,-79.09624
15693,35.91893,-79.09518
15695,35.91831,-79.09455
15697,35.91773,-79.09403
15700,35.91702,-79.09351
15702,35.91624,-79.09292
15704,35.91551,-79.09257
15706,35.91482,-79.09221
15709,35.91398,-79.09184
15711,35.91296,-79.09183
15713,35.91214,-79.09177
15715,35.91137,-79.09184
15718,35.91038,-79.09192
15720,35.9097,-79.09208
15722,35.90885,-79.09231
15725,35.90803,-79.09263
15727,35.90729,-79.09305
15729,35.90651,-79.09358
15731,35.90588,-79.09408
15734,35.90516,-79.09479
15736,35.90458,-79.09557
15739,35.90411,-79.0963
15741,35.90379,-79.09696
15743,35.90343,-79.09787
15745,35.9031,-79.09888
15748,35.90293,-79.09986
15750,35.90294,-79.10072
15752,35.9028,-79.10154
15754,35.90279,-79.10253
15756,35.90292,-79.10371
15759,35.90335,-79.10461
15761,35.90386,-79.10538
15764,35.90454,-79.10647
15766,35.90514,-79.10734
15768,35.90576,-79.10763
15771,35.90671,-79.10848
15773,35.90756,-79.10892
15776,35.90876,-79.10942
15778,35.9099,-79.1096
15781,35.91094,-79.10972
15784,35.91219,-79.10984
15786,35.91305,-79.10978
15788,35.91396,-79.10964
15791,35.91517,-79.10929
15793,35.9159,-79.10893
15796,35.91685,-79.10837
15799,35.9177,-79.1077
15801,35.91835,-79.10704
15803,35.91917,-79.10622
15805,35.9198,-79.10538
15808,35.92046,-79.10427
15810,35.92061,-79.10342
15813,35.92093,-79.10233
15816,35.92116,-79.10126
15818,35.92115,-79.10026
15820,35.92102,-79.09939
15823,35.9209,-79.09816
15825,35.9205,-79.09732
15827,35.92008,-79.09656
15829,35.91948,-79.09587
15832,35.91901,-79.09505
15834,35.91836,-79.09445
15836,35.91777,-79.09386
15838,35.91706,-79.09327
15840,35.91623,-79.0929
15842,35.9155,-79.09248
15844,35.91471,-79.09216
15847,35.91379,-79.09186
15849,35.91287,-79.09178
15852,35.91187,-79.09168
15854,35.9112,-79.09165
15856,35.91028,-79.09177
15859,35.90938,-79.09202
15862,35.90837,-79.09246
15864,35.90747,-79.09289
15866,35.90665,-79.09336
15868,35.90604,-79.09382
15871,35.90535,-79.09455
15873,35.9048,-79.09519
15876,35.9043,-79.09585
15878,35.90401,-79.09651
15880,35.90355,-79.0974
15883,35.90307,-79.09849
15885,35.9028,-79.09931
15888,35.90262,-79.09994
15892,35.90283,-79.10207
15894,35.90291,-79.10317
15897,35.90315,-79.10362
15899,35.90341,-79.10445
15909,35.90584,-79.1082
15912,35.90671,-79.10818
15915,35.9078,-79.10879
15918,35.90893,-79.10924
15920,35.90988,-79.10947
15923,35.91088,-79.10976
15925,35.91166,-79.10985
15928,35.91276,-79.10988
15930,35.91376,-79.10968
15932,35.91464,-79.10945
15935,35.91559,-79.1091
15937,35.9164,-79.10865
15940,35.91764,-79.10783
15943,35.91867,-79.10694
15946,35.91937,-79.10604
15948,35.91995,-79.10524
15952,35.92063,-79.10374
15954,35.92087,-79.10281
15956,35.92103,-79.1019
15959,35.92123,-79.10068
15961,35.92112,-79.09997
15965,35.92074,-79.09857
15967,35.9204,-79.09769
15969,35.92011,-79.09696
15972,35.91987,-79.09608
15974,35.91945,-79.09527
15976,35.91893,-79.09472
15979,35.91841,-79.09415
15981,35.91772,-79.09367
15983,35.91716,-79.09313
15985,35.91652,-79.09274
15987,35.9158,-79.09237
15990,35.9151,-79.09206
15992,35.91436,-79.09192
15994,35.9135,-79.09178
15997,35.91281,-79.09164
15999,35.91195,-79.09163
16002,35.91117,-79.09173
16004,35.91027,-79.09186
16006,35.9096,-79.09208
16008,35.90896,-79.09222
16010,35.90846,-79.09245
16015,35.90732,-79.09306
16027,35.90458,-79.09574
16030,35.90432,-79.09614
16045,35.90317,-79.10223
16078,35.91193,-79.10957
16085,35.91456,-79.10925
16087,35.91605,-79.10878
16090,35.91664,-79.10853
16092,35.91753,-79.10802
16094,35.91831,-79.10736
16097,35.91897,-79.10663
16099,35.91957,-79.10584
16101,35.91984,-79.10531
16103,35.92026,-79.10449
16106,35.92078,-79.10344
16122,35.92074,-79.09775
16125,35.92057,-79.09701
16127,35.92017,-79.0961
16132,35.9191,-79.09479
16134,35.91849,-79.09437
16136,35.91794,-79.09392
16140,35.91729,-79.09334
16142,35.91685,-79.0929
16144,35.91629,-79.09255
16147,35.91551,-79.09221
16149,35.91479,-79.09195
16152,35.91392,-79.0918
16165,35.90991,-79.09184
16168,35.90939,-79.09206
16193,35.90372,-79.09727
16196,35.90357,-79.09778
16246,35.91352,-79.10967
16253,35.91607,-79.10872
16256,35.91719,-79.10813
16262,35.91905,-79.10641
16265,35.91995,-79.10528
16267,35.92045,-79.10441
16269,35.92074,-79.10378
16281,35.921,-79.09968
16283,35.92091,-79.09892
16285,35.92079,-79.09813
16287,35.92066,-79.09749
16294,35.91964,-79.09566
16296,35.91926,-79.09512
16298,35.91868,-79.09453
16302,35.91797,-79.09383
16304,35.9173,-79.09323
16306,35.91694,-79.09283
16309,35.91632,-79.09235
16315,35.91449,-79.09179
16317,35.91369,-79.0917
16325,35.91143,-79.09177
16327,35.91082,-79.09173
16329,35.91016,-79.09179
16331,35.90953,-79.09198
16334,35.90883,-79.09219
16356,35.90424,-79.09663
16358,35.9043,-79.09694
16360,35.90414,-79.0975
16418,35.91655,-79.10851
16425,35.91884,-79.10665
16431,35.92055,-79.10451
16433,35.92085,-79.10386
16437,35.92131,-79.10294
16450,35.92094,-79.09792
16455,35.92031,-79.09659
16457,35.92025,-79.0956
16459,35.91974,-79.09505
16461,35.91912,-79.09458
16463,35.9188,-79.09438
16467,35.91785,-79.09392
16470,35.91723,-79.09287
16474,35.91608,-79.09216
16477,35.91532,-79.09175
16490,35.91158,-79.09136
16493,35.91103,-79.09134
16495,35.91054,-79.09151
16497,35.90991,-79.09169
16523,35.90411,-79.09725
16525,35.90368,-79.09804
